date,open,high,low,close
2014-10-31,19.99,20.20,19.93,20.20
2014-11-03,20.18,20.55,20.18,20.36
2014-11-04,20.50,20.65,20.35,20.47
2014-11-05,20.51,20.55,20.27,20.30
2014-11-06,20.36,20.40,20.01,20.01
2014-11-07,20.08,20.18,19.90,20.13
2014-11-10,20.17,20.84,20.17,20.74
2014-11-11,20.80,20.87,20.66,20.69
2014-11-12,20.50,20.58,20.01,20.10
2014-11-13,20.18,20.34,20.11,20.30
2014-11-14,20.31,20.44,20.22,20.32
2014-11-17,20.51,20.60,19.93,20.06
2014-11-18,20.12,20.25,19.80,19.90
2014-11-19,19.95,20.47,19.95,20.38
2014-11-20,20.50,20.92,20.50,20.91
2014-11-21,20.93,21.03,20.87,20.94
2014-11-24,21.05,21.40,21.00,21.02
2014-11-25,21.04,21.20,20.82,21.10
2014-11-26,21.07,21.13,20.97,21.06
2014-11-27,21.18,21.57,21.18,21.35
2014-11-28,21.35,21.46,21.29,21.40
2014-12-01,20.90,21.31,20.61,21.03
2014-12-02,20.80,20.90,20.45,20.55
2014-12-03,20.68,21.26,20.58,21.21
2014-12-04,21.43,21.58,21.32,21.42
2014-12-05,21.33,21.43,21.22,21.32
2014-12-08,21.40,21.46,21.10,21.17
2014-12-09,21.00,21.06,20.90,20.92
2014-12-10,20.80,20.91,20.32,20.38
2014-12-11,20.31,20.47,20.12,20.35
2014-12-12,20.36,20.58,20.33,20.35
2014-12-15,20.16,20.29,19.99,20.29
2014-12-16,20.20,20.36,20.12,20.12
2014-12-17,20.12,20.12,19.48,19.57
2014-12-18,19.90,19.90,19.58,19.61
2014-12-19,20.05,20.37,20.03,20.22
2014-12-22,20.34,20.68,20.34,20.68
2014-12-23,20.77,20.88,20.68,20.72
2014-12-24,20.72,21.03,20.72,21.00
2014-12-25,21.09,21.09,20.95,21.00
2014-12-26,21.00,21.18,21.00,21.16
2014-12-27,21.25,21.30,21.20,21.29
2014-12-29,21.28,21.67,21.28,21.60
2014-12-30,21.69,21.76,21.43,21.44
2014-12-31,21.45,21.55,21.34,21.53
2015-01-05,21.25,21.43,20.95,21.37
2015-01-06,20.85,20.87,20.26,20.35
2015-01-07,20.34,20.55,20.33,20.46
2015-01-08,20.80,21.28,20.80,21.23
2015-01-09,21.54,21.54,21.12,21.14
2015-01-12,20.92,21.14,20.86,20.91
2015-01-13,20.90,21.29,20.83,21.12
2015-01-14,21.15,21.16,20.78,20.85
2015-01-15,20.94,21.06,20.70,20.90
2015-01-16,20.90,21.20,20.54,20.66
2015-01-19,21.00,21.27,20.84,20.95
2015-01-20,21.07,21.36,21.01,21.31
2015-01-21,21.40,21.63,21.40,21.59
2015-01-22,21.79,21.99,21.71,21.81
2015-01-23,24.86,24.86,22.26,22.38
2015-01-26,22.38,22.41,22.22,22.37
2015-01-27,22.70,22.75,22.44,22.58
2015-01-28,22.48,22.67,22.45,22.61
2015-01-29,22.57,22.57,22.11,22.18
2015-01-30,22.20,22.32,22.00,22.00
2015-02-02,22.00,22.15,21.88,21.99
2015-02-03,22.12,22.40,22.06,22.30
2015-02-04,22.50,22.78,22.50,22.67
2015-02-05,22.63,22.63,22.41,22.56
2015-02-06,22.69,22.69,22.33,22.33
2015-02-09,22.30,22.30,22.11,22.25
2015-02-10,22.25,22.28,22.10,22.13
2015-02-11,22.30,22.55,22.30,22.46
2015-02-12,22.46,22.55,22.38,22.48
2015-02-13,22.61,22.79,22.61,22.73
2015-02-24,22.97,23.21,22.94,23.16
2015-02-25,23.33,23.50,23.28,23.43
2015-02-26,23.30,23.34,23.10,23.20
2015-03-02,23.27,23.36,23.00,23.01
2015-03-03,23.19,23.19,22.86,23.03
2015-03-04,22.81,23.09,22.81,23.08
2015-03-05,23.13,23.13,22.73,22.95
2015-03-06,22.95,23.08,22.80,23.05
2015-03-09,22.91,22.91,22.63,22.75
2015-03-10,22.75,22.75,22.45,22.58
2015-03-11,22.35,22.65,22.22,22.60
2015-03-12,22.61,22.90,22.53,22.90
2015-03-13,22.90,23.03,22.83,22.83
2015-03-16,22.83,22.83,22.58,22.58
2015-03-17,22.77,23.04,22.62,22.66
2015-03-18,22.66,23.10,22.66,23.00
2015-03-19,23.30,23.60,23.30,23.57
2015-03-20,23.55,23.57,23.43,23.52
2015-03-23,23.52,23.63,23.44,23.53
2015-03-24,23.51,23.55,23.29,23.38
2015-03-25,23.35,23.40,23.16,23.24
2015-03-26,22.80,22.92,22.67,22.84
2015-03-27,22.82,22.82,22.40,22.46
2015-03-30,22.45,22.56,22.40,22.46
2015-03-31,22.73,22.77,22.51,22.68
2015-04-01,22.60,22.60,22.28,22.34
2015-04-02,22.54,22.86,22.53,22.85
2015-04-07,22.92,22.95,22.85,22.93
2015-04-08,22.90,22.90,22.56,22.67
2015-04-09,22.65,23.03,22.57,22.57
2015-04-10,22.75,23.00,22.75,22.87
2015-04-13,22.96,23.05,22.91,23.05
2015-04-14,22.96,23.01,22.83,22.98
2015-04-15,22.93,22.93,22.30,22.36
2015-04-16,22.49,22.83,22.49,22.83
2015-04-17,22.79,22.79,22.57,22.61
2015-04-20,22.50,22.62,22.27,22.53
2015-04-21,22.65,22.70,22.43,22.47
2015-04-22,22.51,22.87,22.51,22.87
2015-04-23,22.95,23.99,22.95,23.91
2015-04-24,24.12,24.76,24.10,24.40
2015-04-27,24.70,24.90,24.53,24.78
2015-04-28,24.78,24.90,24.49,24.60
2015-04-29,24.62,24.78,24.13,24.21
2015-04-30,24.19,24.30,23.99,24.10
2015-05-04,24.20,24.20,23.80,24.17
2015-05-05,24.10,24.10,23.75,23.84
2015-05-06,23.65,23.98,23.52,23.88
2015-05-07,23.61,23.62,23.36,23.40
2015-05-08,23.44,23.56,23.35,23.35
2015-05-11,23.70,23.70,23.11,23.34
2015-05-12,23.35,23.52,23.23,23.36
2015-05-13,23.40,23.63,23.37,23.58
2015-05-14,23.58,23.58,22.91,22.98
2015-05-15,23.03,23.08,22.72,22.80
2015-05-18,22.80,22.96,22.75,22.93
2015-05-19,22.98,23.50,22.98,23.50
2015-05-20,23.45,23.50,23.30,23.36
2015-05-21,23.03,23.15,22.64,22.83
2015-05-22,22.83,23.20,22.83,23.07
2015-05-25,23.07,23.20,22.82,23.10
2015-05-26,23.40,23.59,23.20,23.27
2015-05-27,23.10,23.45,23.10,23.39
2015-05-28,23.45,23.71,23.43,23.54
2015-05-29,23.55,23.69,23.33,23.36
2015-06-01,23.36,23.38,22.90,23.07
2015-06-02,22.90,23.06,22.75,22.95
2015-06-03,22.99,23.03,22.65,22.66
2015-06-04,22.66,22.66,21.62,21.69
2015-06-05,21.60,21.82,21.46,21.69
2015-06-08,21.69,22.06,21.35,21.85
2015-06-09,21.79,21.79,21.24,21.30
2015-06-10,21.50,21.75,21.46,21.58
2015-06-11,21.79,21.79,21.36,21.57
2015-06-12,21.51,21.69,21.37,21.52
2015-06-15,21.52,21.68,21.33,21.38
2015-06-16,21.38,21.39,21.05,21.09
2015-06-17,21.20,21.29,21.06,21.22
2015-06-18,21.25,21.34,21.09,21.27
2015-06-22,21.40,21.82,21.40,21.77
2015-06-23,21.90,22.16,21.88,21.92
2015-06-24,21.90,21.98,21.79,21.95
2015-06-25,22.20,22.58,22.20,22.41
2015-06-26,22.41,22.49,22.33,22.41
2015-06-29,21.96,21.96,21.43,21.48
2015-06-30,21.40,21.83,21.38,21.81
2015-07-01,21.75,22.35,21.75,22.27
2015-07-02,22.20,22.38,22.13,22.25
2015-07-03,22.10,22.31,21.75,22.23
2015-07-06,21.92,22.23,21.76,21.84
2015-07-07,21.95,22.24,21.88,21.95
2015-07-08,21.75,21.75,20.55,20.69
2015-07-09,20.35,20.58,19.50,20.40
2015-07-13,20.84,20.86,20.50,20.82
2015-07-14,20.99,21.23,20.82,20.83
2015-07-15,21.01,21.19,20.79,20.92
2015-07-16,21.20,21.42,21.06,21.11
2015-07-17,21.03,21.25,21.00,21.10
2015-07-20,21.36,21.60,20.70,20.85
2015-07-21,20.89,21.10,20.70,21.10
2015-07-22,20.91,20.95,20.65,20.72
2015-07-23,20.55,20.77,20.17,20.45
2015-07-24,20.45,20.50,20.06,20.15
2015-07-27,19.99,19.99,19.34,19.45
2015-07-28,19.45,19.75,19.30,19.60
2015-07-29,19.50,19.57,19.10,19.31
2015-07-30,19.37,19.90,19.37,19.75
2015-07-31,19.76,19.81,19.46,19.57
2015-08-03,19.43,19.44,18.92,19.12
2015-08-04,19.22,19.49,18.94,19.11
2015-08-05,19.20,19.46,19.12,19.41
2015-08-06,19.55,19.59,18.80,18.93
2015-08-07,18.66,18.97,18.55,18.82
2015-08-10,18.82,19.00,18.60,18.99
2015-08-11,19.26,19.46,18.68,18.70
2015-08-12,18.66,18.70,18.10,18.26
2015-08-13,18.34,18.54,18.21,18.40
2015-08-14,18.30,18.47,18.22,18.32
2015-08-17,18.32,18.32,17.99,17.99
2015-08-18,18.06,18.17,17.70,17.70
2015-08-19,17.76,17.76,17.00,17.19
2015-08-20,17.10,17.35,16.85,17.08
2015-08-21,16.72,16.74,16.15,16.15
2015-08-24,15.70,15.70,13.47,14.44
2015-08-25,14.44,15.62,14.33,15.60
2015-08-26,15.35,15.94,14.97,15.77
2015-08-27,15.99,16.12,15.74,15.89
2015-08-28,16.21,16.78,16.20,16.78
2015-08-31,16.65,16.98,16.48,16.98
2015-09-01,17.00,17.11,16.52,16.64
2015-09-02,16.19,17.11,16.19,17.01
2015-09-03,17.20,17.20,16.78,17.05
2015-09-04,17.04,17.30,16.70,16.73
2015-09-07,16.66,17.10,16.65,16.82
2015-09-08,16.76,16.94,16.68,16.82
2015-09-09,17.42,18.41,17.42,18.40
2015-09-10,18.05,18.27,17.91,18.19
2015-09-11,18.13,18.29,17.99,18.28
2015-09-14,18.35,18.49,18.00,18.15
2015-09-15,18.34,18.39,17.95,18.04
2015-09-16,18.28,18.42,18.10,18.29
2015-09-17,18.63,19.09,18.63,18.98
2015-09-18,18.95,19.09,18.80,19.08
2015-09-21,18.66,18.66,18.15,18.20
2015-09-22,18.28,18.44,18.27,18.38
2015-09-23,18.05,18.05,17.65,17.68
2015-09-24,17.80,17.90,17.30,17.46
2015-09-25,17.49,17.55,17.18,17.54
2015-09-30,17.15,17.67,17.12,17.67
2015-10-01,17.78,18.32,17.57,18.28
2015-10-02,18.20,18.30,18.06,18.17
2015-10-05,18.50,18.53,18.18,18.30
2015-10-06,18.57,18.98,18.55,18.56
2015-10-07,18.55,19.10,18.54,19.10
2015-10-08,19.20,19.30,18.85,18.87
2015-10-12,18.99,19.51,18.99,19.50
2015-10-13,19.50,19.50,19.25,19.40
2015-10-14,19.26,19.35,19.13,19.24
2015-10-15,19.48,19.85,19.48,19.70
2015-10-16,19.75,19.75,19.51,19.62
2015-10-19,19.73,19.89,19.61,19.67
2015-10-20,19.76,19.83,19.70,19.77
2015-10-21,19.90,19.98,19.52,19.54
2015-10-22,19.49,19.65,19.46,19.60
2015-10-23,20.05,20.23,19.86,19.90
2015-10-26,20.11,20.28,20.11,20.20
2015-10-27,20.12,20.13,19.85,19.96
2015-10-28,19.95,20.08,19.66,19.79
2015-10-29,19.91,19.94,19.40,19.48
2015-10-30,19.43,19.56,19.11,19.46
2015-11-02,19.28,19.50,19.15,19.48
2015-11-03,19.70,20.10,19.70,20.09
2015-11-04,20.28,20.85,20.21,20.83
2015-11-05,20.80,20.83,20.61,20.81
2015-11-06,20.73,20.73,19.78,20.04
2015-11-09,19.94,20.16,19.57,19.68
2015-11-10,19.43,19.48,19.20,19.27
2015-11-11,19.25,19.33,18.74,18.80
2015-11-12,18.79,18.91,18.54,18.83
2015-11-13,18.64,18.98,18.41,18.43
2015-11-16,18.12,18.22,17.88,18.20
2015-11-17,18.61,19.02,18.61,18.82
2015-11-18,18.85,18.88,18.26,18.32
2015-11-19,18.53,18.79,18.39,18.79
2015-11-20,18.83,18.90,18.68,18.79
2015-11-23,19.01,19.05,18.73,18.93
2015-11-24,18.89,19.01,18.56,18.60
2015-11-25,18.59,18.68,18.38,18.53
2015-11-26,18.75,19.09,18.75,19.06
2015-11-27,19.10,19.10,18.62,18.63
2015-11-30,18.23,18.23,17.84,18.09
2015-12-01,18.45,18.80,18.23,18.76
2015-12-02,18.82,19.00,18.72,18.84
2015-12-03,18.65,18.94,18.51,18.90
2015-12-04,18.60,18.61,18.33,18.55
2015-12-07,18.84,19.18,18.84,18.89
2015-12-08,18.76,18.80,18.27,18.37
2015-12-09,18.14,18.29,17.90,17.97
2015-12-10,17.71,17.81,17.42,17.73
2015-12-11,17.77,17.87,17.26,17.26
2015-12-14,16.79,17.15,16.76,17.08
2015-12-15,17.23,17.45,17.13,17.13
2015-12-16,17.48,17.67,17.30,17.60
2015-12-17,17.80,18.05,17.70,18.05
2015-12-18,17.82,18.18,17.77,17.91
2015-12-21,17.59,17.98,17.53,17.97
2015-12-22,18.00,18.06,17.81,17.93
2015-12-23,18.00,18.28,17.99,18.05
2015-12-24,18.28,18.42,18.14,18.18
2015-12-25,18.18,18.36,18.12,18.36
2015-12-28,18.40,18.48,18.37,18.38
2015-12-29,18.31,18.35,18.02,18.04
2015-12-30,18.22,18.22,17.83,17.88
2015-12-31,17.90,18.06,17.87,17.97
2016-01-04,17.92,18.05,17.10,17.19
2016-01-05,17.07,17.33,16.93,16.94
2016-01-06,17.01,17.04,16.45,16.63
2016-01-07,16.53,16.70,15.75,16.02
2016-01-08,16.00,16.30,15.85,16.22
2016-01-11,15.90,15.91,15.49,15.71
2016-01-12,15.93,15.94,15.52,15.58
2016-01-13,15.83,16.10,15.75,15.89
2016-01-14,15.41,15.63,15.26,15.58
2016-01-15,15.90,15.93,15.37,15.41
2016-01-18,15.15,15.98,15.10,15.96
2016-01-19,15.95,16.10,15.74,16.10
2016-01-20,15.94,15.94,15.15,15.15
2016-01-21,15.38,15.50,15.16,15.23
2016-01-22,15.49,15.69,15.32,15.65
2016-01-25,15.90,16.25,15.87,16.19
2016-01-26,15.81,15.95,15.76,15.92
2016-01-27,16.09,16.15,15.87,15.99
2016-01-28,15.92,16.33,15.90,16.18
2016-01-29,16.09,17.01,16.04,16.92
2016-01-30,17.12,17.40,17.12,17.33
2016-02-01,17.39,17.39,17.10,17.27
2016-02-02,17.13,17.34,17.01,17.20
2016-02-03,17.00,17.09,16.77,16.97
2016-02-15,16.68,17.03,16.51,17.03
2016-02-16,17.06,17.75,17.06,17.75
2016-02-17,17.80,17.81,17.55,17.61
2016-02-18,17.94,18.20,17.82,18.02
2016-02-19,17.94,18.15,17.90,18.10
2016-02-22,18.10,18.50,18.00,18.12
2016-02-23,18.20,18.25,18.02,18.06
2016-02-24,18.09,18.38,17.77,17.82
2016-02-25,17.97,18.36,17.97,18.30
2016-02-26,18.40,18.55,18.16,18.38
2016-03-01,18.36,18.81,18.30,18.80
2016-03-02,19.10,19.25,18.98,19.05
2016-03-03,19.03,19.41,19.03,19.35
2016-03-04,19.35,19.48,19.22,19.48
2016-03-07,19.50,19.77,19.35,19.48
2016-03-08,19.45,19.49,19.09,19.48
2016-03-09,19.38,19.51,19.25,19.48
2016-03-10,19.46,19.69,19.37,19.58
2016-03-11,19.54,19.89,19.47,19.89
2016-03-14,20.00,20.19,20.00,20.14
2016-03-15,20.14,20.14,19.36,19.37
2016-03-16,19.51,19.80,19.51,19.74
2016-03-17,20.20,20.48,20.00,20.03
2016-03-18,20.09,20.42,20.08,20.40
2016-03-21,20.53,20.55,20.09,20.35
2016-03-22,20.25,20.30,19.88,20.15
2016-03-23,20.13,20.40,20.10,20.15
2016-03-24,20.09,20.25,19.81,20.18
2016-03-25,20.29,20.29,19.99,20.00
2016-03-28,20.00,20.18,19.85,20.00
2016-03-29,19.98,20.05,19.54,19.66
2016-03-30,19.73,20.35,19.73,20.30
2016-03-31,20.53,20.65,20.12,20.24
2016-04-01,20.00,20.11,19.70,19.78
2016-04-06,19.66,19.66,19.03,19.04
2016-04-07,19.06,19.07,18.59,18.83
2016-04-08,18.62,19.11,18.62,19.05
2016-04-11,19.05,19.28,18.82,19.26
2016-04-12,19.30,19.52,19.11,19.20
2016-04-13,19.37,19.86,19.37,19.86
2016-04-14,20.10,20.20,19.91,19.95
2016-04-15,19.77,20.10,19.62,20.10
2016-04-18,19.91,20.00,19.81,19.85
2016-04-19,20.10,20.25,19.58,19.67
2016-04-20,19.84,19.91,19.03,19.03
2016-04-21,19.21,19.31,19.04,19.29
2016-04-22,19.28,19.52,19.13,19.29
2016-04-25,19.30,19.44,19.25,19.42
2016-04-26,19.46,19.79,19.44,19.58
2016-04-27,19.57,19.65,19.27,19.55
2016-04-28,19.65,19.66,18.82,18.88
2016-04-29,18.65,18.66,18.37,18.44
2016-05-03,18.47,18.47,18.01,18.10
2016-05-04,18.01,18.10,17.49,17.60
2016-05-05,17.65,17.77,17.42,17.66
2016-05-06,17.56,17.56,17.28,17.43
2016-05-09,17.54,17.61,17.27,17.40
2016-05-10,17.39,17.68,17.24,17.61
2016-05-11,17.75,17.77,17.33,17.45
2016-05-12,17.33,17.62,17.33,17.39
2016-05-13,17.28,17.28,16.84,17.00
2016-05-16,17.05,17.29,16.95,17.23
2016-05-17,17.28,17.56,17.10,17.56
2016-05-18,17.37,17.54,17.18,17.50
2016-05-19,17.54,17.56,17.15,17.26
2016-05-20,17.39,17.57,17.20,17.51
2016-05-23,17.45,18.55,17.32,18.54
2016-05-24,18.48,18.54,18.30,18.30
2016-05-25,18.50,18.80,18.50,18.72
2016-05-26,18.75,18.78,18.57,18.70
2016-05-27,18.89,19.05,18.76,18.99
2016-05-30,19.00,19.36,18.94,19.29
2016-05-31,19.26,19.40,19.04,19.25
2016-06-01,19.20,19.63,19.17,19.59
2016-06-02,19.60,19.73,19.35,19.43
2016-06-03,19.49,19.62,19.46,19.54
2016-06-04,19.55,19.64,19.53,19.63
2016-06-06,19.70,19.96,19.35,19.62
2016-06-07,19.80,20.12,19.79,20.07
2016-06-08,20.13,20.44,20.13,20.28
2016-06-13,19.81,19.81,19.31,19.31
2016-06-14,19.24,19.60,19.23,19.57
2016-06-15,19.65,19.80,19.35,19.73
2016-06-16,19.63,19.63,19.02,19.12
2016-06-17,19.45,19.79,19.45,19.61
2016-06-20,20.00,20.03,19.80,19.95
2016-06-21,19.90,20.21,19.86,20.18
2016-06-22,20.15,20.25,19.96,20.16
2016-06-23,20.15,20.19,19.99,20.16
2016-06-24,20.12,20.24,18.47,18.91
2016-06-27,18.99,19.34,18.92,19.34
2016-06-28,19.12,19.56,19.00,19.54
2016-06-29,19.63,20.07,19.63,19.85
2016-06-30,20.09,20.32,19.88,20.28
2016-07-01,20.53,20.80,20.42,20.73
2016-07-04,20.67,21.00,20.65,20.81
2016-07-05,20.71,20.79,20.53,20.72
2016-07-06,20.43,20.43,19.89,19.91
2016-07-07,20.20,20.42,20.20,20.41
2016-07-11,21.09,21.31,21.03,21.23
2016-07-12,21.36,21.55,21.30,21.52
2016-07-13,21.72,21.73,21.28,21.56
2016-07-14,21.49,21.75,21.42,21.65
2016-07-15,21.72,22.17,21.70,22.17
2016-07-18,22.28,22.61,22.25,22.61
2016-07-19,22.69,22.81,22.50,22.81
2016-07-20,22.67,22.86,22.53,22.62
2016-07-21,22.90,23.23,22.85,23.10
2016-07-22,23.04,23.11,22.87,22.92
2016-07-25,23.08,23.30,22.26,22.64
2016-07-26,22.69,22.96,22.53,22.96
2016-07-27,23.17,23.33,23.01,23.16
2016-07-28,23.05,23.32,22.90,23.22
2016-07-29,23.20,23.25,22.88,22.90
2016-08-01,22.94,23.39,22.94,23.38
2016-08-02,23.40,23.40,23.22,23.35
2016-08-03,22.75,23.09,22.59,22.94
2016-08-04,23.08,23.11,22.72,23.01
2016-08-05,23.22,23.57,23.08,23.55
2016-08-08,23.85,23.94,23.61,23.80
2016-08-09,23.75,24.00,23.75,23.97
2016-08-10,23.94,24.14,23.81,24.14
2016-08-11,23.92,24.07,23.36,23.70
2016-08-12,23.93,24.01,23.82,23.93
2016-08-15,24.00,24.05,23.73,23.94
2016-08-16,23.98,24.04,23.55,23.69
2016-08-17,23.69,23.73,23.54,23.66
2016-08-18,23.66,23.81,23.60,23.78
2016-08-19,23.86,24.05,23.30,23.30
2016-08-22,23.05,23.19,22.75,22.92
2016-08-23,23.06,23.46,23.06,23.44
2016-08-24,23.49,23.50,23.27,23.31
2016-08-25,23.31,23.86,23.31,23.86
2016-08-26,23.80,23.95,23.74,23.93
2016-08-29,23.77,23.87,23.28,23.71
2016-08-30,23.85,23.92,23.63,23.77
2016-08-31,23.71,23.79,23.33,23.47
2016-09-01,23.39,23.39,22.93,23.16
2016-09-02,23.23,23.35,23.04,23.19
2016-09-05,23.58,23.90,23.58,23.89
2016-09-06,23.93,24.34,23.92,24.34
2016-09-07,24.45,24.97,24.45,24.95
2016-09-08,24.90,24.90,24.72,24.85
2016-09-09,24.37,24.37,24.11,24.16
2016-09-10,23.16,23.47,23.16,23.36
2016-09-12,23.37,23.38,23.02,23.02
2016-09-13,23.30,23.30,22.60,22.94
2016-09-14,22.79,23.16,22.78,22.83
2016-09-19,23.45,24.33,23.45,24.33
2016-09-20,24.24,24.38,24.13,24.27
2016-09-21,24.05,24.50,24.05,24.48
2016-09-22,24.95,25.07,24.50,24.67
2016-09-23,24.79,25.00,24.66,24.99
2016-09-26,24.74,24.74,24.46,24.48
2016-09-29,25.00,25.22,24.78,25.05
2016-09-30,24.65,24.73,24.37,24.48
2016-10-03,24.71,24.87,24.58,24.71
2016-10-04,24.78,25.06,24.70,25.06
2016-10-05,24.82,25.10,24.82,24.97
2016-10-06,25.06,25.06,24.80,25.02
2016-10-07,25.02,25.03,24.93,25.03
2016-10-11,25.41,25.45,24.54,24.72
2016-10-12,24.73,25.23,24.63,25.23
2016-10-13,25.12,25.20,24.74,24.82
2016-10-14,24.67,24.92,24.60,24.70
2016-10-17,24.61,24.75,24.14,24.68
2016-10-18,24.69,24.97,24.57,24.97
2016-10-19,24.98,25.33,24.98,25.26
2016-10-20,25.25,25.48,25.20,25.45
2016-10-21,25.38,25.65,25.30,25.43
2016-10-24,25.59,25.68,25.44,25.58
2016-10-25,25.60,26.07,25.60,26.01
2016-10-26,25.78,25.87,25.69,25.76
2016-10-27,25.74,25.79,25.32,25.46
2016-10-28,25.56,25.57,25.32,25.42
2016-10-31,25.18,25.53,24.85,25.47
2016-11-01,25.20,25.45,25.13,25.41
2016-11-02,25.00,25.07,24.70,24.70
2016-11-03,24.63,24.74,24.37,24.41
2016-11-04,24.33,24.42,24.20,24.26
2016-11-07,24.65,25.00,24.59,24.98
2016-11-08,25.10,25.16,24.84,25.16
2016-11-09,25.49,25.60,23.48,23.58
2016-11-10,24.75,24.91,24.69,24.90
2016-11-11,24.16,24.16,23.62,23.65
2016-11-14,23.65,23.78,23.28,23.58
2016-11-15,23.43,23.68,23.43,23.57
2016-11-16,23.85,23.90,23.72,23.72
2016-11-17,23.74,23.78,23.50,23.70
2016-11-18,23.67,23.91,23.58,23.89
2016-11-21,23.88,24.03,23.79,23.95
2016-11-22,24.22,24.72,24.18,24.63
2016-11-23,24.72,24.90,24.65,24.83
2016-11-24,24.73,24.74,24.51,24.60
2016-11-25,24.59,24.82,24.55,24.66
2016-11-28,24.62,25.12,24.62,25.01
2016-11-29,25.00,25.07,24.85,24.94
2016-11-30,24.95,25.06,24.75,24.90
2016-12-01,24.97,25.19,24.97,25.15
2016-12-02,24.72,24.72,24.46,24.54
2016-12-05,24.55,24.63,24.33,24.53
2016-12-06,24.98,25.22,24.97,25.17
2016-12-07,25.35,25.36,25.07,25.17
2016-12-08,25.56,25.72,25.41,25.66
2016-12-09,25.78,25.90,25.74,25.86
2016-12-12,25.99,26.14,25.65,25.70
2016-12-13,25.69,25.81,25.60,25.81
2016-12-14,25.84,25.93,25.70,25.80
2016-12-15,25.47,25.80,25.40,25.75
2016-12-16,25.69,25.71,25.46,25.46
2016-12-19,25.31,25.37,25.05,25.07
2016-12-20,25.12,25.12,24.86,25.04
2016-12-21,25.03,25.07,24.90,24.97
2016-12-22,24.90,24.90,24.38,24.40
2016-12-23,24.28,24.42,24.16,24.25
2016-12-26,24.31,24.39,24.21,24.34
2016-12-27,24.37,24.39,24.30,24.36
2016-12-28,24.39,24.86,24.39,24.86
2016-12-29,24.65,24.85,24.63,24.70
2016-12-30,24.95,25.15,24.87,25.01
2017-01-03,25.00,25.09,24.91,25.06
2017-01-04,25.14,25.21,25.07,25.15
2017-01-05,25.10,25.50,25.10,25.49
2017-01-06,25.53,25.65,25.51,25.61
2017-01-09,25.70,25.85,25.41,25.49
2017-01-10,25.47,25.55,25.41,25.47
2017-01-11,25.77,25.78,25.48,25.49
2017-01-12,25.60,25.99,25.60,25.90
2017-01-13,25.78,25.78,25.61,25.67
2017-01-16,25.41,25.41,25.11,25.19
2017-01-17,25.19,25.43,25.19,25.43
2017-01-18,25.28,25.37,25.28,25.33
2017-01-19,25.15,25.25,24.98,25.22
2017-01-20,25.11,25.37,25.11,25.35
2017-01-23,25.55,25.85,25.55,25.81
2017-01-24,25.83,26.08,25.80,26.05
2017-02-02,26.14,26.25,25.73,25.77
2017-02-03,25.90,25.98,25.72,25.87
2017-02-06,25.86,26.27,25.86,26.22
2017-02-07,26.05,26.30,26.04,26.30
2017-02-08,26.11,26.28,25.54,26.28
2017-02-09,26.28,26.61,26.20,26.61
2017-02-10,26.66,27.16,26.66,27.11
2017-02-13,27.15,27.31,27.10,27.31
2017-02-14,27.51,27.58,27.30,27.41
2017-02-15,27.45,27.89,27.40,27.89
2017-02-16,28.06,28.18,27.66,27.70
2017-02-17,27.76,27.76,27.60,27.66
2017-02-18,27.75,27.78,27.70,27.70
2017-02-20,27.82,27.85,27.47,27.47
2017-02-21,27.59,27.64,27.45,27.56
2017-02-22,27.82,27.88,27.56,27.67
2017-02-23,27.51,27.79,27.51,27.55
2017-02-24,27.49,27.60,27.34,27.54
2017-03-01,27.41,27.42,27.02,27.10
2017-03-02,27.44,27.59,26.85,27.10
2017-03-03,26.82,26.93,26.73,26.81
2017-03-06,26.73,26.94,26.73,26.94
2017-03-07,27.05,27.19,26.94,27.19
2017-03-08,27.24,27.37,27.05,27.33
2017-03-09,27.35,27.35,26.75,26.80
2017-03-10,26.71,26.77,26.36,26.74
2017-03-13,26.89,27.07,26.89,27.07
2017-03-14,27.17,27.45,27.17,27.40
2017-03-15,27.26,27.39,27.21,27.33
2017-03-16,27.64,27.99,27.64,27.97
2017-03-17,28.05,28.22,27.96,28.21
2017-03-20,28.10,28.30,28.09,28.30
2017-03-21,28.42,28.78,28.42,28.73
2017-03-22,28.34,28.37,28.19,28.31
2017-03-23,28.60,28.60,28.25,28.49
2017-03-24,28.40,28.46,28.27,28.32
2017-03-27,28.14,28.44,28.09,28.25
2017-03-28,28.50,28.55,27.99,28.32
2017-03-29,28.40,28.43,28.17,28.21
2017-03-30,28.20,28.33,28.06,28.15
2017-03-31,28.20,28.23,27.98,27.99
2017-04-05,28.10,28.65,28.10,28.65
2017-04-06,28.62,28.62,28.32,28.37
2017-04-07,28.31,28.31,27.71,28.17
2017-04-10,28.36,28.36,28.10,28.20
2017-04-11,28.04,28.31,27.91,27.99
2017-04-12,27.89,28.09,27.79,27.98
2017-04-13,27.93,28.29,27.90,28.22
2017-04-14,27.92,27.92,27.56,27.59
2017-04-17,27.71,27.73,27.45,27.64
2017-04-18,27.90,27.90,27.60,27.61
2017-04-19,27.40,27.40,27.04,27.06
2017-04-20,27.00,27.14,26.90,27.09
2017-04-21,27.30,27.53,27.30,27.53
2017-04-24,27.85,27.88,27.51,27.65
2017-04-25,27.80,28.20,27.72,28.20
2017-04-26,28.50,28.50,28.29,28.35
2017-04-27,28.23,28.31,28.12,28.28
2017-04-28,28.28,28.49,28.23,28.37
2017-05-02,28.70,28.96,28.70,28.86
2017-05-03,28.92,29.06,28.87,29.00
2017-05-04,29.04,29.08,28.88,29.06
2017-05-05,28.95,29.00,28.65,28.65
2017-05-08,28.96,29.09,28.81,29.00
2017-05-09,29.11,29.56,29.08,29.16
2017-05-10,29.26,29.43,29.22,29.37
2017-05-11,29.33,29.58,29.29,29.58
2017-05-12,29.50,29.57,29.40,29.45
2017-05-15,29.46,29.73,29.43,29.73
2017-05-16,29.76,29.76,29.54,29.60
2017-05-17,29.52,29.57,29.35,29.47
2017-05-18,28.97,29.29,28.83,29.28
2017-05-19,29.30,29.30,29.15,29.22
2017-05-22,29.37,29.37,29.15,29.36
2017-05-23,29.35,29.62,29.34,29.59
2017-05-24,29.60,29.68,29.55,29.63
2017-05-25,29.90,30.20,29.85,30.20
2017-05-26,30.20,30.31,30.06,30.16
2017-05-31,30.10,30.17,29.72,29.74
2017-06-01,29.77,29.99,29.77,29.99
2017-06-02,30.33,30.34,30.22,30.28
2017-06-03,30.31,30.47,30.28,30.46
2017-06-05,30.37,30.74,30.34,30.74
2017-06-06,30.66,30.79,30.64,30.70
2017-06-07,30.65,30.92,30.62,30.77
2017-06-08,30.77,30.98,30.76,30.96
2017-06-09,30.98,31.12,30.80,30.80
2017-06-12,30.37,30.49,30.13,30.24
2017-06-13,30.34,30.35,30.15,30.30
2017-06-14,30.38,30.40,29.76,29.92
2017-06-15,29.93,30.00,29.77,29.99
2017-06-16,30.00,30.58,29.99,30.58
2017-06-19,30.60,31.21,30.60,31.21
2017-06-20,31.36,31.99,31.36,31.87
2017-06-21,31.60,32.08,31.51,31.95
2017-06-22,32.10,32.24,31.96,32.23
2017-06-23,32.20,32.34,32.10,32.13
2017-06-26,32.21,33.35,32.21,33.32
2017-06-27,33.44,33.49,33.16,33.21
2017-06-28,32.90,33.07,32.53,32.62
2017-06-29,33.09,33.13,32.60,32.73
2017-06-30,32.30,32.53,32.16,32.51
2017-07-03,32.52,32.68,32.38,32.67
2017-07-04,32.63,32.69,32.28,32.28
2017-07-05,32.33,32.77,31.99,32.77
2017-07-06,32.76,32.76,32.40,32.54
2017-07-07,32.30,32.38,32.14,32.19
2017-07-10,32.34,32.46,32.10,32.31
2017-07-11,32.60,33.37,32.59,33.37
2017-07-12,33.30,33.56,33.23,33.33
2017-07-13,33.62,33.95,33.54,33.88
2017-07-14,33.76,33.81,33.65,33.66
2017-07-17,34.11,34.13,33.78,33.90
2017-07-18,33.90,33.94,33.72,33.94
2017-07-19,34.03,34.50,34.02,34.21
2017-07-20,34.46,34.47,34.23,34.27
2017-07-21,34.21,34.21,33.88,33.90
2017-07-24,33.65,33.98,33.60,33.94
2017-07-25,33.95,34.13,33.90,34.07
2017-07-26,34.14,34.39,33.79,33.81
2017-07-27,34.07,34.59,34.07,34.59
2017-07-28,34.20,34.20,33.78,33.81
2017-07-31,33.80,33.90,33.54,33.90
2017-08-01,33.99,34.25,33.93,34.07
2017-08-02,34.32,34.67,34.31,34.62
2017-08-03,34.23,34.41,33.99,34.34
2017-08-04,34.29,34.53,34.25,34.47
2017-08-07,34.75,35.08,34.75,35.04
2017-08-08,35.23,35.26,34.76,35.00
2017-08-09,34.70,34.80,34.41,34.45
2017-08-10,34.58,34.62,33.71,33.92
2017-08-11,33.50,33.73,33.28,33.67
2017-08-14,33.81,33.90,33.20,33.28
2017-08-15,33.73,33.79,33.42,33.56
2017-08-16,33.41,33.56,33.18,33.40
2017-08-17,33.62,33.95,33.53,33.95
2017-08-18,33.53,33.60,33.20,33.58
2017-08-21,33.59,33.63,33.32,33.63
2017-08-22,33.91,34.16,33.91,34.13
2017-08-23,34.35,34.48,34.07,34.11
2017-08-24,34.32,34.77,34.30,34.66
2017-08-25,34.78,34.92,34.63,34.92
2017-08-28,34.84,35.01,34.75,34.83
2017-08-29,34.69,34.73,34.42,34.70
2017-08-30,34.92,35.19,34.84,35.00
2017-08-31,35.35,35.35,35.10,35.16
2017-09-01,35.21,35.43,35.10,35.38
2017-09-04,35.19,35.30,35.05,35.22
2017-09-05,35.31,35.31,35.00,35.20
2017-09-06,35.06,35.13,34.70,34.92
2017-09-07,35.09,35.18,34.66,34.68
2017-09-08,34.75,35.18,34.71,35.10
2017-09-11,35.49,35.59,34.96,35.09
2017-09-12,35.25,35.37,35.10,35.20
2017-09-13,35.20,35.26,34.74,34.80
2017-09-14,34.74,34.99,34.60,34.91
2017-09-15,34.91,35.00,34.66,34.97
2017-09-18,35.31,35.55,35.11,35.49
2017-09-19,35.60,35.61,35.05,35.05
2017-09-20,34.91,35.08,34.70,34.81
2017-09-21,34.66,35.24,34.59,35.16
2017-09-22,35.05,35.05,34.25,34.30
2017-09-25,34.40,34.40,33.58,33.68
2017-09-26,33.71,33.80,33.21,33.21
2017-09-27,33.40,33.65,33.37,33.61
2017-09-28,33.61,33.66,33.26,33.44
2017-09-29,33.41,33.54,33.22,33.51
2017-09-30,33.66,33.93,33.66,33.93
2017-10-02,34.05,34.32,33.97,34.32
2017-10-03,34.36,34.39,34.20,34.38
2017-10-05,34.33,34.70,34.32,34.67
2017-10-06,34.70,34.78,34.58,34.67
2017-10-11,35.05,35.61,35.05,35.54
2017-10-12,35.70,36.11,35.70,36.11
2017-10-13,36.01,36.10,35.90,36.09
2017-10-16,36.31,36.49,36.17,36.42
2017-10-17,36.59,36.59,36.33,36.33
2017-10-18,36.62,36.77,36.23,36.47
2017-10-19,36.53,36.98,36.53,36.76
2017-10-20,36.58,36.71,36.33,36.59
2017-10-23,36.69,36.85,36.49,36.54
2017-10-24,36.48,36.54,36.31,36.49
2017-10-25,36.59,36.65,36.40,36.41
2017-10-26,36.31,36.45,36.14,36.42
2017-10-27,36.45,36.71,36.12,36.20
2017-10-30,36.50,37.10,36.50,36.70
2017-10-31,36.72,37.07,36.58,36.98
2017-11-01,37.12,37.19,36.86,36.97
2017-11-02,36.80,36.96,36.73,36.80
2017-11-03,36.90,36.90,36.60,36.71
2017-11-06,37.00,37.09,36.55,36.78
2017-11-07,36.80,37.01,36.80,37.01
2017-11-08,36.98,37.03,36.90,36.92
2017-11-09,36.92,37.00,36.31,36.35
2017-11-10,36.24,36.48,36.00,36.43
2017-11-13,36.27,36.37,36.18,36.25
2017-11-14,36.25,36.31,35.92,36.19
2017-11-15,35.89,35.90,35.48,35.58
2017-11-16,35.41,35.78,35.38,35.72
2017-11-17,36.25,36.42,36.15,36.37
2017-11-20,36.39,36.42,36.03,36.03
2017-11-21,36.27,36.79,36.10,36.79
2017-11-22,37.16,37.40,36.93,37.10
2017-11-23,37.14,37.26,37.00,37.19
2017-11-24,37.05,37.24,37.02,37.22
2017-11-27,37.11,37.11,36.31,36.39
2017-11-28,36.27,36.27,35.91,35.98
2017-11-29,36.15,36.24,35.94,36.06
2017-11-30,35.48,35.48,35.01,35.01
2017-12-01,35.06,35.51,34.45,35.07
2017-12-04,35.26,35.41,34.90,35.40
2017-12-05,35.10,35.22,34.81,34.88
2017-12-06,34.63,34.77,33.71,33.75
2017-12-07,33.72,33.92,33.41,33.56
2017-12-08,33.82,34.00,33.55,33.76
2017-12-11,33.95,34.36,33.95,34.33
2017-12-12,34.32,34.32,33.64,33.86
2017-12-13,33.83,34.10,33.83,33.95
2017-12-14,34.35,34.74,34.27,34.51
2017-12-15,34.39,34.39,33.71,34.03
2017-12-18,34.11,34.20,33.95,34.17
2017-12-19,34.28,34.32,33.82,33.84
2017-12-20,33.89,34.16,33.86,34.15
2017-12-21,34.10,34.36,34.09,34.18
2017-12-22,34.12,34.30,33.96,34.30
2017-12-25,34.41,34.46,34.31,34.38
2017-12-26,34.43,34.43,33.65,33.65
2017-12-27,33.51,34.00,33.51,33.93
2017-12-28,34.26,34.68,34.22,34.51
2017-12-29,34.68,35.04,34.68,34.97
2018-01-02,34.93,35.37,34.93,35.37
2018-01-03,35.69,36.10,35.69,36.10
2018-01-04,36.16,36.29,35.92,36.21
2018-01-05,36.30,36.48,36.06,36.43
2018-01-08,36.49,36.71,36.34,36.66
2018-01-09,36.61,36.80,36.48,36.71
2018-01-10,36.70,36.73,36.19,36.23
2018-01-11,36.17,36.25,35.86,35.99
2018-01-12,36.17,36.73,36.17,36.71
2018-01-15,37.06,37.20,36.86,37.16
2018-01-16,37.02,37.34,36.96,37.34
2018-01-17,37.16,37.54,37.13,37.46
2018-01-18,38.12,38.65,37.95,38.35
2018-01-19,38.50,38.98,38.43,38.98
2018-01-22,38.98,39.52,38.80,39.52
2018-01-23,39.72,39.83,39.41,39.66
2018-01-24,39.44,39.44,38.62,38.82
2018-01-25,39.03,39.88,38.85,39.07
2018-01-26,38.99,39.30,38.61,39.15
2018-01-29,39.60,39.79,39.10,39.43
2018-01-30,39.11,39.27,38.53,38.53
2018-01-31,38.33,38.94,38.11,38.68
2018-02-01,38.80,39.33,38.80,39.13
2018-02-02,38.65,38.89,38.31,38.81
2018-02-05,37.50,37.66,37.00,37.48
2018-02-06,35.28,35.90,33.50,33.60
2018-02-07,35.20,35.58,34.70,34.70
2018-02-08,34.81,35.12,34.57,34.78
2018-02-09,33.10,33.80,32.36,33.60
2018-02-12,34.00,34.27,33.83,34.10
2018-02-21,35.00,35.80,34.90,35.78
2018-02-22,35.62,35.62,35.20,35.38
2018-02-23,35.73,36.31,35.73,36.31
2018-02-26,36.89,36.95,36.51,36.51
2018-02-27,37.00,37.20,36.56,36.56
2018-03-01,35.71,36.22,35.52,36.12
2018-03-02,35.40,35.64,34.95,35.55
2018-03-05,35.75,35.95,35.12,35.19
2018-03-06,36.00,36.30,35.92,36.30
2018-03-07,36.10,36.58,35.92,35.92
2018-03-08,36.30,36.85,36.30,36.80
2018-03-09,37.06,37.10,36.75,36.95
2018-03-12,37.60,38.15,37.57,38.08
2018-03-13,38.00,38.66,38.00,38.66
2018-03-14,38.33,38.35,37.93,38.06
2018-03-15,37.81,38.24,37.77,38.13
2018-03-16,37.96,38.03,37.30,37.80
2018-03-19,37.64,38.10,37.52,37.87
2018-03-20,37.47,37.79,37.46,37.79
2018-03-21,37.92,38.13,37.76,37.92
2018-03-22,38.16,38.60,37.59,37.70
2018-03-23,35.60,36.50,35.60,36.15
2018-03-26,36.03,36.61,35.89,36.61
2018-03-27,37.85,37.85,37.20,37.61
2018-03-28,37.09,37.19,36.50,36.50
2018-03-29,36.66,36.72,36.14,36.53
2018-03-30,36.90,37.42,36.86,37.11
2018-03-31,37.30,37.30,37.10,37.18
2018-04-02,37.21,37.29,36.62,36.71
2018-04-03,36.10,36.30,35.92,36.25
2018-04-09,36.75,36.88,36.28,36.82
2018-04-10,36.79,37.38,36.47,37.15
2018-04-11,37.32,37.51,37.25,37.39
2018-04-12,37.58,37.65,36.88,37.10
2018-04-13,37.25,37.33,36.96,37.15
2018-04-16,37.10,37.15,36.82,37.01
2018-04-17,37.10,37.12,36.15,36.15
2018-04-18,36.39,36.74,36.15,36.43
2018-04-19,36.73,37.36,36.70,37.36
2018-04-20,36.50,36.60,35.83,35.85
2018-04-23,35.60,35.70,35.32,35.32
2018-04-24,35.21,35.21,34.48,34.82
2018-04-25,34.40,34.49,34.05,34.41
2018-04-26,34.73,34.77,33.90,33.98
2018-04-27,34.41,34.47,34.06,34.34
2018-04-30,34.66,35.13,34.40,35.12
2018-05-02,35.17,35.17,34.70,34.82
2018-05-03,34.43,34.50,33.94,34.04
2018-05-04,34.00,34.34,33.87,34.20
2018-05-07,34.75,34.75,34.26,34.72
2018-05-08,34.69,35.09,34.63,35.06
2018-05-09,35.15,35.50,35.08,35.29
2018-05-10,35.49,35.68,35.48,35.64
2018-05-11,35.94,36.31,35.92,36.27
2018-05-14,36.60,37.05,36.53,36.97
2018-05-15,36.90,37.02,36.44,36.44
2018-05-16,36.25,36.56,36.25,36.44
2018-05-17,36.74,36.79,36.20,36.20
2018-05-18,36.24,36.44,36.03,36.03
2018-05-21,36.37,37.07,36.37,37.04
2018-05-22,37.04,37.23,36.75,36.75
2018-05-23,36.97,37.01,36.33,36.42
2018-05-24,36.50,36.70,36.32,36.66
2018-05-25,36.62,36.97,36.51,36.85
2018-05-28,37.04,37.18,36.90,37.14
2018-05-29,37.07,37.07,36.59,36.79
2018-05-30,36.30,36.30,35.71,35.77
2018-05-31,36.17,36.28,36.00,36.14
2018-06-01,36.18,36.64,36.14,36.59
2018-06-04,37.06,37.80,37.06,37.80
2018-06-05,37.91,37.92,37.44,37.66
2018-06-06,37.79,38.49,37.74,38.48
2018-06-07,38.69,38.78,38.31,38.58
2018-06-08,38.35,38.46,37.76,37.86
2018-06-11,38.10,38.16,37.76,38.01
2018-06-12,37.63,37.97,37.37,37.88
2018-06-13,37.94,38.11,37.73,38.11
2018-06-14,37.65,37.77,37.13,37.13
2018-06-15,37.00,37.41,36.77,37.41
2018-06-19,36.71,36.75,36.26,36.26
2018-06-20,36.26,36.99,35.97,36.81
2018-06-21,36.76,36.94,36.60,36.63
2018-06-22,36.23,36.54,35.90,36.48
2018-06-25,36.21,36.44,36.12,36.18
2018-06-26,35.91,36.08,35.40,36.06
2018-06-27,36.08,36.26,35.80,35.80
2018-06-28,35.59,35.95,35.38,35.67
2018-06-29,35.80,36.74,35.76,36.74
2018-07-02,36.70,36.98,36.30,36.37
2018-07-03,36.52,36.99,35.90,36.20
2018-07-04,36.33,36.57,36.25,36.49
2018-07-05,36.38,36.38,35.67,35.77
2018-07-06,35.99,36.11,35.28,36.04
2018-07-09,36.53,36.97,36.42,36.87
2018-07-10,37.30,37.38,37.02,37.16
2018-07-11,36.54,36.76,36.23,36.51
2018-07-12,36.60,37.41,36.48,37.41
2018-07-13,37.78,38.00,37.59,38.00
2018-07-16,38.00,38.15,37.78,37.78
2018-07-17,37.60,37.65,37.36,37.42
2018-07-18,37.85,38.12,37.62,37.84
2018-07-19,38.05,38.32,37.84,37.95
2018-07-20,38.54,38.87,38.35,38.69
2018-07-23,38.77,39.18,38.61,39.12
2018-07-24,39.00,39.35,38.90,39.35
2018-07-25,39.27,39.43,39.16,39.31
2018-07-26,39.48,39.70,39.39,39.62
2018-07-27,39.73,40.22,39.67,40.20
2018-07-30,40.15,40.35,39.93,40.02
2018-07-31,39.83,40.24,39.65,40.18
2018-08-01,40.42,40.65,40.38,40.65
2018-08-02,40.66,40.66,39.34,39.38
2018-08-03,39.95,40.14,39.87,40.10
2018-08-06,40.12,40.51,40.01,40.19
2018-08-07,40.12,40.27,39.94,40.04
2018-08-08,40.34,40.75,40.34,40.69
2018-08-09,40.49,40.59,40.16,40.51
2018-08-10,40.13,40.45,40.04,40.13
2018-08-13,39.62,39.62,38.20,38.62
2018-08-14,38.97,39.13,38.69,39.02
2018-08-15,38.97,38.98,38.22,38.33
2018-08-16,37.92,38.68,37.78,38.48
2018-08-17,38.63,38.76,38.22,38.25
2018-08-20,38.41,38.66,38.31,38.49
2018-08-21,38.60,39.10,38.50,39.08
2018-08-22,39.10,39.24,38.85,39.12
2018-08-23,39.22,39.62,39.10,39.50
2018-08-24,39.30,39.50,38.92,39.27
2018-08-27,39.69,39.98,39.50,39.89
2018-08-28,40.30,40.54,40.30,40.35
2018-08-29,40.65,41.15,40.65,41.14
2018-08-30,41.63,41.91,41.11,41.23
2018-08-31,40.85,40.87,40.44,40.86
2018-09-03,41.04,41.11,40.30,40.34
2018-09-04,40.67,40.86,40.35,40.86
2018-09-05,40.78,41.03,40.62,40.69
2018-09-06,40.53,40.60,39.99,40.28
2018-09-07,39.96,40.20,39.69,39.95
2018-09-10,40.16,40.16,39.22,39.44
2018-09-11,39.47,39.55,39.07,39.49
2018-09-12,39.65,39.66,39.17,39.42
2018-09-13,39.61,39.66,39.10,39.20
2018-09-14,39.61,40.59,39.55,40.59
2018-09-17,40.46,40.46,39.88,39.92
2018-09-18,39.59,39.67,39.41,39.56
2018-09-19,39.91,40.23,39.85,40.22
2018-09-20,40.51,40.55,39.88,40.00
2018-09-21,40.38,40.70,40.01,40.67
2018-09-25,40.53,40.93,40.51,40.83
2018-09-26,40.73,40.87,40.65,40.77
2018-09-27,40.60,41.05,40.56,40.97
2018-09-28,41.15,41.29,40.38,40.70
2018-10-01,40.83,41.17,40.78,41.11
2018-10-02,41.01,41.13,40.02,40.02
2018-10-03,40.06,40.31,39.87,40.01
2018-10-04,39.63,39.63,38.86,38.89
2018-10-05,38.66,38.69,37.11,37.77
2018-10-08,37.36,37.83,37.00,37.30
2018-10-09,37.54,37.59,37.17,37.40
2018-10-11,35.10,35.10,31.65,31.65
2018-10-12,31.68,33.78,31.68,33.78
2018-10-15,33.13,33.30,32.83,32.92
2018-10-16,33.07,33.63,32.93,33.40
2018-10-17,34.35,34.44,33.43,33.43
2018-10-18,33.50,33.81,33.14,33.22
2018-10-19,32.60,33.34,32.32,33.34
2018-10-22,32.73,33.72,32.39,33.46
2018-10-23,32.67,32.92,32.14,32.14
2018-10-24,32.27,32.50,31.48,32.00
2018-10-25,30.15,30.90,30.15,30.34
2018-10-26,30.80,31.05,29.57,30.17
2018-10-29,30.63,30.80,30.17,30.47
2018-10-30,30.57,30.92,30.40,30.75
2018-10-31,31.30,31.90,31.27,31.90
2018-11-01,32.03,32.58,31.86,32.49
2018-11-02,32.72,32.89,32.39,32.83
2018-11-05,32.32,32.48,32.01,32.44
2018-11-06,32.71,32.74,32.06,32.11
2018-11-07,32.41,32.90,32.34,32.82
2018-11-08,33.59,33.60,33.05,33.06
2018-11-09,32.79,32.79,32.06,32.22
2018-11-12,32.07,32.67,31.95,32.44
2018-11-13,30.99,31.98,30.75,31.98
2018-11-14,32.13,32.25,31.85,32.08
2018-11-15,32.35,32.43,31.69,32.40
2018-11-16,32.65,32.65,31.99,32.13
2018-11-19,32.27,32.43,32.09,32.23
2018-11-20,31.95,32.16,31.56,31.75
2018-11-21,31.20,31.82,31.02,31.78
2018-11-22,31.94,32.00,31.57,31.59
2018-11-23,31.60,31.72,31.07,31.20
2018-11-26,31.58,32.50,31.52,31.92
2018-11-27,31.63,31.91,31.25,31.89
2018-11-28,31.96,32.68,31.78,32.60
2018-11-29,33.28,33.42,32.64,32.64
2018-11-30,32.87,33.03,32.55,32.55
2018-12-03,33.45,34.43,33.45,34.38
2018-12-04,33.98,34.07,33.72,33.77
2018-12-05,32.45,33.03,32.45,32.71
2018-12-06,32.24,32.24,31.12,31.16
2018-12-07,31.61,31.84,31.43,31.74
2018-12-10,31.00,31.31,30.85,30.91
2018-12-11,31.02,31.44,31.01,31.38
2018-12-12,31.87,32.19,31.59,32.13
2018-12-13,32.18,32.47,32.00,32.28
2018-12-14,31.93,31.93,31.28,31.58
2018-12-17,31.67,32.20,31.54,32.04
2018-12-18,31.74,31.77,31.42,31.60
2018-12-19,31.75,31.91,31.65,31.88
2018-12-20,31.41,31.60,31.11,31.23
2018-12-21,31.01,31.33,30.72,31.32
2018-12-22,30.99,31.07,30.95,31.02
2018-12-24,31.01,31.15,30.93,31.15
2018-12-25,30.50,30.50,29.90,30.18
2018-12-26,30.51,30.60,29.92,29.96
2018-12-27,30.92,31.25,30.72,31.10
2018-12-28,31.20,31.36,31.04,31.34
2019-01-02,31.74,31.74,30.36,30.47
2019-01-03,30.08,30.53,29.88,30.04
2019-01-04,29.51,29.63,29.04,29.37
2019-01-07,30.36,30.67,30.15,30.67
2019-01-08,30.70,30.72,30.38,30.59
2019-01-09,30.83,31.67,30.76,31.56
2019-01-10,31.34,31.44,31.22,31.39
2019-01-11,31.75,32.04,31.58,31.70
2019-01-14,31.61,31.75,31.18,31.31
2019-01-15,31.60,32.10,31.48,32.02
2019-01-16,31.97,32.05,31.81,31.89
2019-01-17,32.00,32.26,31.62,31.92
2019-01-18,32.15,32.35,31.88,32.28
2019-01-21,32.60,32.84,32.48,32.64
2019-01-22,32.46,32.54,32.34,32.47
2019-01-23,32.31,32.50,32.17,32.28
2019-01-24,32.34,32.65,32.30,32.53
2019-01-25,33.00,33.40,32.88,33.28
2019-01-28,33.49,33.57,33.37,33.49
2019-01-29,32.86,33.00,32.69,32.90
2019-01-30,32.88,33.12,32.79,32.90
2019-02-11,33.59,33.87,33.25,33.52
2019-02-12,33.68,34.00,33.63,33.96
2019-02-13,34.15,34.22,33.79,33.96
2019-02-14,33.77,34.15,33.75,33.87
2019-02-15,33.82,34.09,33.49,33.60
2019-02-18,33.92,34.42,33.92,34.30
2019-02-19,34.20,34.32,34.16,34.26
2019-02-20,34.57,35.05,34.57,34.97
2019-02-21,34.99,35.49,34.92,35.49
2019-02-22,35.21,35.33,35.02,35.33
2019-02-25,35.62,35.94,35.61,35.91
2019-02-26,35.99,36.05,35.69,35.88
2019-02-27,35.93,35.95,35.65,35.80
2019-03-04,35.75,35.80,35.16,35.44
2019-03-05,35.11,35.32,34.95,35.19
2019-03-06,35.29,35.49,35.29,35.42
2019-03-07,35.39,35.49,35.09,35.10
2019-03-08,34.76,34.86,34.42,34.65
2019-03-11,34.46,34.81,34.40,34.80
2019-03-12,35.40,35.86,35.39,35.70
2019-03-13,35.51,35.67,35.32,35.66
2019-03-14,35.79,35.86,35.47,35.57
2019-03-15,35.68,36.15,35.65,36.10
2019-03-18,36.17,36.50,36.13,36.50
2019-03-19,36.50,36.70,36.33,36.70
2019-03-20,36.67,36.79,36.58,36.75
2019-03-21,36.99,37.38,36.95,37.38
2019-03-22,37.71,37.85,37.23,37.52
2019-03-25,36.45,36.65,36.23,36.42
2019-03-26,36.70,36.95,36.70,36.93
2019-03-27,36.74,36.93,36.55,36.88
2019-03-28,36.57,36.80,36.48,36.73
2019-03-29,36.91,37.33,36.59,37.33
2019-04-01,37.93,38.32,37.64,37.82
2019-04-02,38.10,38.27,38.06,38.15
2019-04-03,38.32,38.40,38.04,38.14
2019-04-08,38.66,38.91,38.63,38.80
2019-04-09,38.93,39.25,38.83,39.25
2019-04-10,39.09,39.47,39.09,39.42
2019-04-11,39.29,39.57,38.84,39.01
2019-04-12,39.14,39.22,38.89,38.99
2019-04-15,39.50,39.75,39.38,39.70
2019-04-16,39.64,39.92,39.57,39.89
2019-04-17,40.15,40.55,40.15,40.48
2019-04-18,40.64,40.90,40.16,40.26
2019-04-19,40.90,40.94,40.32,40.36
2019-04-22,40.76,40.77,40.35,40.45
2019-04-23,40.46,40.74,40.17,40.72
2019-04-24,41.02,41.09,40.46,40.71
2019-04-25,40.67,40.98,40.55,40.94
2019-04-26,40.38,40.38,39.92,40.08
2019-04-29,40.24,40.47,40.01,40.24
2019-04-30,40.13,40.38,39.93,40.38
2019-05-02,40.58,40.89,40.45,40.54
2019-05-03,40.71,41.38,40.55,41.38
2019-05-06,40.34,40.34,39.47,39.75
2019-05-07,40.06,40.72,40.03,40.56
2019-05-08,39.86,40.34,39.72,40.10
2019-05-09,39.60,39.67,38.70,38.92
2019-05-10,39.09,39.61,38.25,38.81
2019-05-13,38.51,38.56,37.75,37.75
2019-05-14,37.00,37.73,36.55,37.44
2019-05-15,37.41,37.81,37.34,37.71
2019-05-16,37.42,37.60,36.97,37.00
2019-05-17,37.37,37.50,36.40,36.42
2019-05-20,36.68,36.85,36.39,36.45
2019-05-21,36.18,36.79,36.08,36.74
2019-05-22,36.60,36.90,36.50,36.70
2019-05-23,36.05,36.05,35.31,35.50
2019-05-24,35.62,35.86,35.47,35.61
2019-05-27,35.79,35.80,35.28,35.58
2019-05-28,35.69,35.69,35.40,35.55
2019-05-29,34.95,35.29,34.86,35.25
2019-05-30,35.25,35.86,35.25,35.79
2019-05-31,35.70,36.65,35.68,36.49
2019-06-03,36.29,36.65,35.85,36.61
2019-06-04,36.63,36.71,36.15,36.24
2019-06-05,36.78,36.92,36.37,36.45
2019-06-06,35.94,36.10,35.78,35.85
2019-06-10,36.63,37.10,36.40,37.10
2019-06-11,37.20,37.58,37.05,37.43
2019-06-12,37.38,37.57,37.22,37.45
2019-06-13,37.21,37.38,36.80,36.94
2019-06-14,36.94,37.12,36.87,36.96
2019-06-17,36.63,37.11,36.46,37.02
2019-06-18,37.06,37.18,36.86,36.97
2019-06-19,37.81,38.66,37.81,38.66
2019-06-20,38.69,38.89,38.59,38.81
2019-06-21,39.14,39.15,38.65,38.75
2019-06-24,38.81,39.23,38.58,39.06
2019-06-25,39.03,39.09,38.38,38.51
2019-06-26,38.28,38.45,38.17,38.24
2019-06-27,38.50,39.18,38.50,39.09
2019-06-28,39.08,39.10,38.62,38.75
2019-07-01,39.76,40.30,39.76,40.26
2019-07-02,40.14,40.21,40.00,40.10
2019-07-03,39.74,39.84,39.14,39.34
2019-07-04,39.60,39.83,39.51,39.65
2019-07-05,39.83,39.99,39.54,39.75
2019-07-08,39.27,39.70,39.13,39.32
2019-07-09,39.41,39.43,39.10,39.24
2019-07-10,39.66,39.93,39.54,39.93
2019-07-11,40.35,40.58,40.20,40.49
2019-07-12,40.48,40.60,40.30,40.43
2019-07-15,40.55,40.83,39.89,40.77
2019-07-16,40.81,40.99,40.78,40.94
2019-07-17,40.85,40.85,40.37,40.46
2019-07-18,40.30,40.52,40.23,40.41
2019-07-19,40.99,41.45,40.99,41.10
2019-07-22,41.20,41.50,41.19,41.49
2019-07-23,41.67,41.78,41.42,41.54
2019-07-24,41.72,41.78,41.49,41.56
2019-07-25,41.60,41.77,41.37,41.77
2019-07-26,41.39,41.52,41.34,41.40
2019-07-29,41.18,41.53,41.14,41.50
2019-07-30,41.74,41.74,41.23,41.29
2019-07-31,41.06,41.08,40.59,40.90
2019-08-01,40.40,40.67,40.22,40.35
2019-08-02,39.41,39.44,38.87,39.13
2019-08-05,38.77,38.98,38.25,38.40
2019-08-06,37.00,38.55,36.70,38.34
2019-08-07,38.34,38.45,37.89,38.08
2019-08-08,38.24,38.99,38.20,38.94
2019-08-12,38.79,39.12,38.54,38.93
2019-08-13,38.43,38.54,37.99,38.19
2019-08-14,38.95,39.15,38.70,38.70
2019-08-15,37.70,38.02,37.56,37.88
2019-08-16,37.90,38.65,37.72,38.60
2019-08-19,38.88,39.12,38.66,39.11
2019-08-20,39.17,39.35,39.09,39.30
2019-08-21,39.28,39.40,39.23,39.39
2019-08-22,39.70,39.88,39.17,39.24
2019-08-23,39.26,39.48,39.14,39.35
2019-08-26,38.00,38.40,37.97,38.12
2019-08-27,38.44,38.56,38.27,38.33
2019-08-28,38.62,38.91,38.61,38.79
2019-08-29,38.76,38.94,38.50,38.89
2019-08-30,39.58,39.96,39.56,39.96
2019-09-02,39.99,40.24,39.88,40.24
2019-09-03,40.18,40.32,39.62,39.72
2019-09-04,39.90,40.49,39.88,40.45
2019-09-05,41.09,41.28,40.86,41.13
2019-09-06,41.40,41.49,41.24,41.47
2019-09-09,41.75,41.83,41.51,41.65
2019-09-10,41.65,41.68,41.20,41.32
2019-09-11,41.67,41.78,41.33,41.48
2019-09-12,42.15,42.17,41.70,41.92
2019-09-16,41.89,42.29,41.87,42.24
2019-09-17,42.43,42.45,42.17,42.23
2019-09-18,42.42,42.82,42.33,42.71
2019-09-19,42.89,42.97,42.35,42.42
2019-09-20,42.58,42.79,42.58,42.68
2019-09-23,42.62,42.84,42.50,42.57
2019-09-24,42.56,42.87,42.33,42.69
2019-09-25,42.25,42.35,41.93,42.12
2019-09-26,42.51,42.57,42.13,42.15
2019-09-27,42.65,42.72,42.16,42.18
2019-10-01,42.73,43.52,42.00,43.51
2019-10-02,43.15,43.36,43.15,43.26
2019-10-03,42.10,42.76,42.02,42.62
2019-10-04,42.85,43.03,42.34,42.80
2019-10-07,42.95,43.18,42.82,43.07
2019-10-08,43.43,43.98,43.43,43.89
2019-10-09,43.53,43.63,43.12,43.12
2019-10-14,44.37,44.65,44.20,44.57
2019-10-15,44.70,44.94,44.66,44.85
2019-10-16,45.28,45.32,45.00,45.19
2019-10-17,45.22,45.41,45.09,45.41
2019-10-18,45.45,45.89,45.15,45.33
2019-10-21,45.32,45.38,45.13,45.37
2019-10-22,45.78,46.07,45.66,46.07
2019-10-23,46.03,46.10,45.57,45.80
2019-10-24,46.01,46.25,45.94,46.19
2019-10-25,46.66,46.68,46.21,46.23
2019-10-28,46.72,46.72,46.44,46.60
2019-10-29,46.97,47.00,46.51,46.72
2019-10-30,46.64,46.96,46.55,46.87
2019-10-31,47.12,47.49,47.06,47.08
2019-11-01,47.00,47.32,46.82,47.29
2019-11-04,47.78,49.09,47.78,49.06
2019-11-05,49.25,49.76,49.20,49.76
2019-11-06,49.79,50.20,49.58,50.05
2019-11-07,49.87,49.87,49.24,49.57
2019-11-08,49.89,49.89,49.24,49.37
2019-11-11,49.10,49.10,47.97,48.10
2019-11-12,48.54,48.78,48.33,48.78
2019-11-13,48.27,48.55,48.03,48.27
2019-11-14,48.55,48.62,48.00,48.29
2019-11-15,49.00,49.20,48.80,49.00
2019-11-18,49.13,49.55,49.02,49.55
2019-11-19,49.57,50.25,49.40,50.25
2019-11-20,50.10,50.10,49.68,49.75
2019-11-21,48.86,49.26,48.46,49.26
2019-11-22,49.43,49.47,49.12,49.27
2019-11-25,49.81,49.82,49.34,49.34
2019-11-26,49.80,50.05,49.61,49.75
2019-11-27,49.78,49.99,49.59,49.98
2019-11-28,50.10,50.10,49.66,49.78
2019-11-29,49.58,49.67,48.38,48.38
2019-12-02,48.82,48.90,48.45,48.70
2019-12-03,48.34,48.89,48.30,48.82
2019-12-04,48.61,48.70,48.26,48.61
2019-12-05,49.06,49.69,49.06,49.62
2019-12-06,50.00,50.15,49.48,49.72
2019-12-09,50.00,50.55,49.96,50.35
2019-12-10,50.10,50.15,49.68,49.83
2019-12-11,49.76,50.50,49.66,50.50
2019-12-12,51.25,52.50,51.25,52.30
2019-12-13,53.45,53.65,52.95,53.25
2019-12-16,53.05,53.45,53.00,53.20
2019-12-17,53.15,54.55,53.15,54.55
2019-12-18,54.30,54.70,54.25,54.65
2019-12-19,54.55,54.65,53.85,53.90
2019-12-20,54.05,54.05,53.15,53.55
2019-12-23,53.65,53.85,53.40,53.65
2019-12-24,53.90,53.90,53.60,53.65
2019-12-25,53.50,53.95,53.45,53.85
2019-12-26,53.80,53.85,53.50,53.70
2019-12-27,54.15,54.65,54.10,54.55
2019-12-30,54.55,54.75,54.15,54.20
2019-12-31,53.75,53.90,53.55,53.55
2020-01-02,53.85,54.55,53.65,54.40
2020-01-03,55.15,55.35,53.45,54.20
2020-01-06,53.50,53.70,53.05,53.15
2020-01-07,53.30,53.35,51.80,52.40
2020-01-08,51.55,52.55,51.35,51.90
2020-01-09,52.60,53.55,52.55,53.40
2020-01-10,53.70,54.00,53.25,53.70
2020-01-13,54.30,54.65,53.95,54.55
2020-01-14,55.10,55.35,54.90,55.15
2020-01-15,55.05,55.05,54.00,54.30
2020-01-16,53.65,54.30,53.60,54.15
2020-01-17,54.40,54.40,53.90,54.20
2020-01-20,54.60,54.95,54.45,54.60
2020-01-30,51.65,51.70,48.25,48.25
2020-01-31,48.85,49.62,48.49,48.87
2020-02-03,46.50,48.06,46.30,47.91
2020-02-04,48.21,49.55,48.03,49.38
2020-02-05,49.80,50.15,48.96,49.50
2020-02-06,50.35,51.20,50.20,51.10
2020-02-07,50.40,50.45,49.72,49.87
2020-02-10,48.80,50.00,48.46,49.75
2020-02-11,50.30,50.80,50.20,50.65
2020-02-12,50.75,51.70,50.75,51.45
2020-02-13,51.70,52.05,51.40,51.45
2020-02-14,51.50,52.10,51.30,51.85
2020-02-17,51.10,51.60,50.95,51.45
2020-02-18,50.90,50.95,50.15,50.15
2020-02-19,50.40,51.60,50.25,51.35
2020-02-20,51.65,51.95,50.65,50.90
2020-02-21,50.80,51.40,50.30,50.60
2020-02-24,49.55,49.77,48.97,49.21
2020-02-25,48.65,49.60,48.47,49.46
2020-02-26,48.23,48.88,48.00,48.54
2020-02-27,48.48,48.63,47.00,47.26
2020-03-02,45.66,47.20,45.30,46.38
2020-03-03,47.90,47.94,47.21,47.49
2020-03-04,47.58,47.89,47.16,47.80
2020-03-05,48.58,48.99,48.51,48.92
2020-03-06,48.32,48.35,47.08,47.14
2020-03-09,45.76,45.76,44.25,44.37
2020-03-10,43.79,44.82,43.15,44.72
2020-03-11,44.71,45.05,43.39,43.42
2020-03-12,42.83,42.83,38.49,39.43
2020-03-13,34.43,38.10,33.16,37.64
2020-03-16,37.03,37.81,34.60,34.63
2020-03-17,33.10,34.69,32.27,32.88
2020-03-18,32.86,32.88,30.66,30.66
2020-03-19,29.30,29.49,25.79,26.40
2020-03-20,28.40,31.27,28.20,30.45
2020-03-23,27.61,29.88,27.54,28.25
2020-03-24,30.70,32.07,30.63,31.40
2020-03-25,33.50,34.25,32.86,33.41
2020-03-26,34.10,34.55,32.94,34.30
2020-03-27,35.85,35.90,33.88,33.99
2020-03-30,32.49,33.93,31.84,33.70
2020-03-31,34.60,34.93,33.35,33.94
2020-04-01,34.04,34.34,33.80,33.97
2020-04-06,34.90,35.31,33.92,35.31
2020-04-07,36.59,36.95,36.01,36.64
2020-04-08,36.55,37.83,36.42,37.83
2020-04-09,38.00,38.20,37.06,37.43
2020-04-10,37.22,37.76,37.11,37.76
2020-04-13,37.39,37.80,37.02,37.27
2020-04-14,37.63,39.53,37.60,39.53
2020-04-15,39.72,40.14,39.53,39.87
2020-04-16,39.00,39.94,38.92,39.76
2020-04-17,41.71,42.47,41.00,41.55
2020-04-20,41.53,41.71,41.00,41.28
2020-04-21,40.80,41.02,38.58,38.80
2020-04-22,38.31,39.07,37.89,39.07
2020-04-23,39.46,40.38,38.64,39.66
2020-04-24,39.25,39.55,39.00,39.43
2020-04-27,40.44,41.58,40.28,41.57
2020-04-28,41.80,41.82,41.06,41.82
2020-04-29,42.12,43.13,42.10,42.96
2020-04-30,43.65,44.78,43.56,44.69
2020-05-04,41.61,42.60,41.51,42.18
2020-05-05,42.80,43.26,42.25,42.74
2020-05-06,42.57,43.15,41.98,42.82
2020-05-07,42.90,43.91,42.83,43.62
2020-05-08,44.50,44.55,43.81,44.00
2020-05-11,44.83,45.20,44.50,44.87
2020-05-12,44.13,44.33,43.37,43.79
2020-05-13,43.38,44.29,43.38,44.20
2020-05-14,43.67,43.85,42.85,42.85
2020-05-15,43.59,43.78,42.53,43.36
2020-05-18,43.05,43.42,42.72,42.89
2020-05-19,44.30,44.30,43.68,43.82
2020-05-20,44.20,44.39,43.72,44.00
2020-05-21,44.43,45.19,44.39,44.90
2020-05-22,44.32,44.42,42.98,43.02
2020-05-25,43.45,43.85,42.40,43.85
2020-05-26,44.40,45.25,44.23,45.04
2020-05-27,45.08,45.41,44.50,44.87
2020-05-28,45.43,45.56,43.94,44.31
2020-05-29,43.85,44.67,43.55,44.67
2020-06-01,45.05,45.83,44.94,45.56
2020-06-02,45.79,46.16,45.71,45.95
2020-06-03,46.95,47.56,46.81,47.51
2020-06-04,48.45,48.48,47.65,48.15
2020-06-05,48.31,49.05,48.28,49.05
2020-06-08,49.80,50.35,49.24,49.95
2020-06-09,50.15,50.35,49.50,50.25
2020-06-10,50.30,51.30,50.15,51.15
2020-06-11,51.10,51.40,49.15,49.20
2020-06-12,47.66,48.73,47.25,48.49
2020-06-15,48.29,48.74,47.10,47.23
2020-06-16,48.66,49.70,48.65,49.52
2020-06-17,49.67,49.83,49.01,49.60
2020-06-18,49.86,50.15,49.12,49.92
2020-06-19,50.05,50.20,49.70,50.00
2020-06-22,49.87,50.80,49.87,50.15
2020-06-23,50.95,51.15,49.60,50.50
2020-06-24,51.15,51.50,50.90,51.05
2020-06-29,50.10,50.50,49.34,49.71
2020-06-30,50.45,50.90,50.15,50.80
2020-07-01,50.95,51.90,50.95,51.50
2020-07-02,51.80,52.75,51.55,52.75
2020-07-03,53.45,54.00,53.15,53.90
2020-07-06,54.75,56.00,54.65,55.95
2020-07-07,56.80,57.40,55.40,55.95
2020-07-08,55.90,56.90,55.70,56.70
2020-07-09,57.40,57.50,56.65,57.00
2020-07-10,57.10,57.20,55.55,55.70
2020-07-13,56.80,57.55,56.55,57.50
2020-07-14,57.25,57.70,56.80,57.45
2020-07-15,58.50,58.90,57.60,57.90
2020-07-16,58.00,58.10,56.60,57.05
2020-07-17,58.10,58.65,57.50,57.75
2020-07-20,58.00,58.05,56.55,57.75
2020-07-21,58.65,60.60,58.65,60.30
2020-07-22,60.05,60.95,59.85,60.60
2020-07-23,60.25,60.40,59.50,60.40
2020-07-24,60.40,61.05,58.85,59.25
2020-07-27,62.50,63.55,62.35,63.10
2020-07-28,66.70,67.85,62.50,62.75
2020-07-29,62.35,63.60,62.00,62.40
2020-07-30,64.15,64.45,63.00,63.95
2020-07-31,63.65,64.50,63.35,63.95
2020-08-03,63.40,63.60,62.05,62.10
2020-08-04,62.95,64.00,62.80,64.00
2020-08-05,64.85,65.20,64.30,65.10
2020-08-06,66.55,67.05,65.45,66.25
2020-08-07,66.20,66.30,64.90,65.40
2020-08-10,65.10,66.95,65.00,66.55
2020-08-11,66.15,66.60,65.35,65.35
2020-08-12,64.60,64.65,63.50,63.95
2020-08-13,65.70,65.75,64.80,65.10
2020-08-14,64.40,65.55,64.25,65.55
2020-08-17,65.65,67.25,65.45,67.25
2020-08-18,67.45,67.50,66.00,66.40
2020-08-19,66.70,67.10,65.40,65.50
2020-08-20,64.80,64.80,58.65,60.70
2020-08-21,62.70,63.80,62.20,63.40
2020-08-24,63.70,64.40,62.95,63.80
2020-08-25,64.50,65.70,64.25,65.10
2020-08-26,65.30,65.65,64.70,65.65
2020-08-27,66.50,67.05,65.35,65.45
2020-08-28,64.80,65.50,64.05,64.50
2020-08-31,65.45,65.85,63.20,63.20
2020-09-01,63.65,64.60,62.95,64.60
2020-09-02,65.25,65.40,63.60,64.60
2020-09-03,65.30,66.05,64.60,65.00
2020-09-04,63.35,64.00,62.85,63.80
2020-09-07,64.10,64.75,63.25,63.45
2020-09-08,63.90,64.50,63.75,64.25
2020-09-09,62.80,63.65,62.05,63.65
2020-09-10,64.10,64.55,63.80,64.40
2020-09-11,64.20,64.50,63.85,64.40
2020-09-14,64.80,66.60,64.55,66.60
2020-09-15,65.80,66.65,65.50,66.55
2020-09-16,67.70,68.20,67.50,67.90
2020-09-17,67.25,67.80,66.35,66.50
2020-09-18,66.75,67.20,66.30,66.75
2020-09-21,66.50,67.30,65.35,65.40
2020-09-22,65.10,65.10,63.40,63.40
2020-09-23,63.90,64.10,62.90,63.75
2020-09-24,62.00,62.30,60.15,60.15
2020-09-25,61.00,61.45,59.70,60.50
2020-09-28,61.30,62.60,61.00,62.60
2020-09-29,63.25,63.65,62.45,62.65
2020-09-30,63.05,63.80,62.80,63.30
2020-10-05,64.25,64.55,63.25,63.70
2020-10-06,64.75,65.30,64.55,65.10
2020-10-07,64.70,65.95,64.45,65.80
2020-10-08,66.65,67.15,66.20,67.15
2020-10-12,67.80,68.50,67.35,67.65
2020-10-13,68.00,68.10,66.65,67.85
2020-10-14,67.70,68.05,67.30,67.30
2020-10-15,66.90,67.40,65.70,66.60
2020-10-16,66.50,67.10,65.65,65.65
2020-10-19,66.50,67.60,66.45,67.55
2020-10-20,67.25,67.55,66.90,66.90
2020-10-21,67.30,67.70,66.95,67.20
2020-10-22,66.70,67.45,66.55,67.45
2020-10-23,67.80,67.95,67.05,67.50
2020-10-26,67.65,68.30,67.25,67.70
2020-10-27,67.10,67.25,66.70,67.20
2020-10-28,66.90,67.05,66.10,66.15
2020-10-29,64.55,65.20,64.00,64.90
2020-10-30,64.40,64.50,63.35,63.50
2020-11-02,63.85,64.00,62.90,64.00
2020-11-03,65.10,66.00,64.95,65.90
2020-11-04,65.95,68.20,65.70,68.20
2020-11-05,68.05,68.10,67.30,68.10
2020-11-06,68.40,69.00,68.05,68.55
2020-11-09,70.45,71.00,69.65,70.60
2020-11-10,70.40,70.70,69.20,69.95
2020-11-11,69.95,72.00,69.95,72.00
2020-11-12,72.00,72.25,71.10,71.40
2020-11-13,71.25,72.00,70.80,72.00
2020-11-16,73.60,76.30,73.45,76.30
2020-11-17,77.30,77.40,75.90,76.10
2020-11-18,76.25,77.85,76.10,77.60
2020-11-19,77.45,77.95,77.00,77.55
2020-11-20,77.05,77.55,76.70,77.50
2020-11-23,78.85,80.10,78.45,79.35
2020-11-24,79.70,79.70,78.20,78.50
2020-11-25,79.50,79.55,77.15,77.15
2020-11-26,77.85,79.10,77.75,79.00
2020-11-27,78.35,79.30,78.00,79.25
2020-11-30,79.55,80.25,77.30,77.30
2020-12-01,78.40,79.20,77.65,79.20
2020-12-02,79.90,80.40,78.95,80.25
2020-12-03,80.15,81.25,79.55,80.35
2020-12-04,80.90,82.50,80.80,82.50
2020-12-07,83.30,83.60,81.75,83.25
2020-12-08,82.90,85.10,82.60,85.05
2020-12-09,84.85,85.85,84.75,85.60
2020-12-10,84.00,84.30,82.80,83.65
2020-12-11,84.20,84.65,81.85,83.65
2020-12-14,83.55,83.95,83.05,83.50
2020-12-15,82.80,83.25,81.25,81.25
2020-12-16,82.85,84.40,82.85,84.20
2020-12-17,84.40,84.50,83.05,84.00
2020-12-18,84.00,84.40,83.45,83.60
2020-12-21,83.70,85.40,82.25,85.40
2020-12-22,84.60,85.80,82.90,82.95
2020-12-23,82.85,83.95,82.40,83.80
2020-12-24,84.25,85.10,84.05,84.75
2020-12-25,85.55,86.25,84.80,85.30
2020-12-28,85.80,87.15,85.65,87.15
2020-12-29,87.15,87.20,86.25,87.05
2020-12-30,87.25,89.45,87.15,89.45
2020-12-31,89.95,90.20,89.15,90.00
2021-01-04,89.90,93.00,89.65,92.85
2021-01-05,92.25,93.45,91.90,93.45
2021-01-06,95.00,95.85,91.50,93.35
2021-01-07,94.95,97.80,94.65,97.45
2021-01-08,99.35,100.50,98.00,100.35
2021-01-11,99.95,101.35,99.35,101.35
2021-01-12,101.35,102.45,100.00,100.75
2021-01-13,102.00,105.15,101.90,104.95
2021-01-14,103.35,104.60,102.95,104.00
2021-01-15,107.70,107.95,103.00,103.00
2021-01-18,103.60,103.60,99.35,102.40
2021-01-19,104.45,107.60,104.40,107.30
2021-01-20,107.35,107.85,105.00,105.45
2021-01-21,106.35,112.05,106.35,111.15
2021-01-22,109.50,110.70,108.50,109.50
2021-01-25,108.85,109.00,105.50,108.00
2021-01-26,107.90,108.75,102.75,103.85
2021-01-27,105.25,106.35,103.20,104.50
2021-01-28,100.50,102.35,99.60,100.65
2021-01-29,102.40,102.45,97.10,97.10
2021-02-01,97.75,100.85,96.75,100.45
2021-02-02,102.30,106.45,102.30,105.30
2021-02-03,106.50,106.95,105.20,105.90
2021-02-04,103.95,105.75,102.70,104.40
2021-02-05,106.10,108.45,105.55,106.20
2021-02-17,112.20,114.90,111.90,114.40
2021-02-18,114.80,117.00,113.95,115.50
2021-02-19,114.00,114.30,111.70,113.95
2021-02-22,115.70,117.30,114.30,114.60
2021-02-23,112.40,115.50,111.70,115.35
2021-02-24,113.25,115.10,111.25,111.40
2021-02-25,114.30,114.75,112.70,114.25
2021-02-26,110.00,110.60,107.20,107.20
2021-03-02,111.55,111.85,107.25,107.25
2021-03-03,108.80,111.35,107.25,111.30
2021-03-04,109.35,109.55,105.50,107.50
2021-03-05,103.30,107.40,102.75,106.25
2021-03-08,108.30,109.65,105.45,105.95
2021-03-09,104.70,106.30,103.50,105.85
2021-03-10,107.50,107.95,106.00,106.50
2021-03-11,107.95,111.35,107.85,111.00
2021-03-12,111.95,112.35,110.70,111.50
2021-03-15,111.20,111.85,110.50,111.40
2021-03-16,111.70,113.00,111.40,112.50
2021-03-17,112.55,112.80,110.70,110.85
2021-03-18,112.50,114.45,112.20,112.50
2021-03-19,110.10,110.50,108.50,109.05
2021-03-22,108.90,111.20,107.75,110.85
2021-03-23,111.70,112.55,110.45,110.60
2021-03-24,108.85,109.65,108.10,108.45
2021-03-25,107.85,109.95,107.15,109.25
2021-03-26,110.20,112.90,109.85,112.65
2021-03-29,114.00,115.25,113.70,114.50
2021-03-30,115.35,116.00,114.50,116.00
2021-03-31,115.70,116.00,114.20,114.35
2021-04-01,116.10,116.50,114.80,116.00
2021-04-06,119.55,120.05,118.35,119.00
2021-04-07,119.30,119.50,118.00,119.50
2021-04-08,118.50,121.30,118.05,121.30
2021-04-09,121.80,121.90,119.65,120.35
2021-04-12,120.75,121.65,119.00,119.95
2021-04-13,120.55,122.75,119.20,119.65
2021-04-14,120.30,120.95,116.80,120.10
2021-04-15,120.65,123.05,120.25,123.05
2021-04-16,122.35,124.15,122.10,124.15
2021-04-19,124.15,126.00,123.75,125.60
2021-04-20,125.20,126.15,124.75,126.15
2021-04-21,125.20,125.30,123.90,124.50
2021-04-22,126.05,127.35,123.20,123.65
2021-04-23,123.90,126.10,123.35,126.10
2021-04-26,127.50,130.15,127.25,130.15
2021-04-27,129.95,130.75,129.20,130.60
2021-04-28,129.85,130.40,129.25,130.00
2021-04-29,131.30,132.40,130.05,130.45
2021-05-03,129.70,129.80,125.50,125.50
2021-05-04,126.30,126.55,117.75,121.55
2021-05-05,121.70,122.40,119.35,119.35
2021-05-06,121.20,123.20,118.40,121.70
2021-05-07,124.30,126.45,123.30,126.45
2021-05-10,126.60,126.65,124.80,125.30
2021-05-11,120.10,121.50,114.10,115.30
2021-05-12,114.50,115.15,94.95,105.10
2021-05-13,102.60,107.80,99.25,102.60
2021-05-14,105.50,108.00,103.50,105.20
2021-05-17,99.55,104.50,97.00,99.10
2021-05-18,102.75,110.15,102.50,110.15
2021-05-19,108.70,111.00,107.65,109.45
2021-05-20,109.35,109.45,106.65,108.00
2021-05-21,112.10,114.00,109.60,111.70
2021-05-24,110.30,113.10,110.05,112.50
2021-05-25,114.05,116.65,113.95,116.45
2021-05-26,117.20,117.40,115.30,116.40
2021-05-27,114.55,115.70,112.90,115.70
2021-05-28,118.50,120.00,117.40,120.00
2021-05-31,120.80,123.20,120.40,122.00
2021-06-01,122.70,123.90,122.10,123.65
2021-06-02,124.05,124.40,122.10,123.00
2021-06-03,124.60,125.95,123.90,124.90
2021-06-04,122.85,123.75,122.35,123.45
2021-06-07,124.05,124.20,117.70,123.25
2021-06-08,123.55,124.10,122.15,122.30
2021-06-09,122.00,122.55,120.10,120.85
2021-06-10,121.95,124.15,121.50,124.15
2021-06-11,124.90,125.85,124.50,124.80
2021-06-15,126.00,127.15,125.60,127.15
2021-06-16,126.30,127.40,125.90,126.65
2021-06-17,124.25,127.20,123.85,127.20
2021-06-18,127.25,127.65,126.30,126.75
2021-06-21,124.75,125.05,121.40,122.05
2021-06-22,124.30,124.60,122.75,122.75
2021-06-23,123.90,127.30,123.50,126.95
2021-06-24,127.00,128.25,126.50,127.75
2021-06-25,129.10,130.60,128.00,128.65
2021-06-28,129.40,130.45,128.20,130.30
2021-06-29,131.05,131.45,129.20,130.10
2021-06-30,131.05,133.60,131.00,133.05
2021-07-01,132.50,133.70,130.75,131.65
2021-07-02,132.50,132.75,131.10,132.00
2021-07-05,133.80,135.90,133.80,135.90
2021-07-06,136.10,136.45,135.00,135.65
2021-07-07,134.10,135.45,132.75,133.85
2021-07-08,134.80,135.25,132.55,134.50
2021-07-09,131.85,132.30,130.00,131.50
2021-07-12,135.05,136.30,133.65,134.70
2021-07-13,136.60,137.40,134.50,134.85
2021-07-14,135.50,135.90,133.60,134.85
2021-07-15,135.50,137.85,135.25,137.85
2021-07-16,134.35,135.75,133.50,135.60
2021-07-19,133.10,133.80,131.65,133.60
2021-07-20,132.00,132.40,129.10,129.60
2021-07-21,131.50,131.55,128.00,128.75
2021-07-22,131.15,132.90,130.30,131.10
2021-07-23,132.50,133.35,130.90,131.20
2021-07-26,132.00,132.00,128.50,128.50
2021-07-27,129.10,130.25,127.90,127.90
2021-07-28,127.00,127.20,121.65,124.25
2021-07-29,127.20,129.80,126.20,129.80
2021-07-30,128.55,129.35,127.20,127.30
2021-08-02,129.40,131.65,127.50,131.65
2021-08-03,131.35,132.30,130.50,132.30
2021-08-04,132.75,133.75,132.00,133.75
2021-08-05,133.50,133.85,132.85,133.00
2021-08-06,132.10,132.25,130.40,131.90
2021-08-09,130.00,131.70,128.60,130.95
2021-08-10,131.40,131.45,129.00,129.20
2021-08-11,128.35,129.60,126.50,127.75
2021-08-12,128.05,128.60,127.15,127.50
2021-08-13,127.65,127.65,124.50,124.50
2021-08-16,123.15,124.35,121.95,122.80
2021-08-17,123.60,123.60,120.00,120.00
2021-08-18,117.10,122.90,117.00,122.75
2021-08-19,121.50,121.50,116.00,116.00
2021-08-20,117.85,118.25,114.45,115.50
2021-08-23,118.85,122.55,118.70,122.05
2021-08-24,123.90,124.05,122.55,123.25
2021-08-25,124.00,126.10,123.80,125.85
2021-08-26,127.80,128.15,125.10,126.35
2021-08-27,126.15,129.80,125.85,129.40
2021-08-30,130.35,131.80,129.90,131.80
2021-08-31,131.20,133.10,128.80,133.10
2021-09-01,132.40,134.25,131.00,133.70
2021-09-02,132.85,134.25,131.00,131.05
2021-09-03,133.00,135.00,132.25,134.90
2021-09-06,134.50,136.00,133.45,134.15
2021-09-07,134.35,134.55,132.10,133.25
2021-09-08,132.75,133.05,129.30,130.40
2021-09-09,129.90,131.30,128.25,130.65
2021-09-10,131.35,134.05,131.00,134.05
2021-09-13,133.50,133.75,132.20,133.20
2021-09-14,134.45,134.80,133.20,133.80
2021-09-15,133.00,133.40,131.15,132.45
2021-09-16,132.70,133.00,130.60,131.00
2021-09-17,130.75,133.35,130.05,132.35
2021-09-22,126.60,127.00,123.90,125.70
2021-09-23,127.65,129.00,127.00,128.30
2021-09-24,129.90,131.25,129.85,130.65
2021-09-27,131.65,132.25,130.75,131.30
2021-09-28,129.30,129.70,128.05,129.55
2021-09-29,125.70,125.70,123.70,124.05
2021-09-30,124.50,126.45,122.80,125.80
2021-10-01,123.65,123.70,118.65,119.60
2021-10-04,121.20,121.50,117.40,118.15
2021-10-05,115.20,118.60,114.40,118.20
2021-10-06,119.50,119.70,116.55,117.85
2021-10-07,120.10,123.40,120.10,122.95
2021-10-08,123.10,123.30,121.00,121.50
2021-10-12,117.95,119.25,116.60,118.55
2021-10-13,120.30,120.40,117.20,117.45
2021-10-14,119.95,120.10,117.55,118.35
2021-10-15,121.55,123.90,120.70,123.90
2021-10-18,124.40,125.00,122.75,122.95
2021-10-19,124.15,126.00,123.80,125.65
2021-10-20,126.20,126.55,125.10,125.50
2021-10-21,125.70,127.80,124.80,124.80
2021-10-22,125.35,125.80,123.80,125.30
2021-10-25,124.25,125.90,123.30,125.30
2021-10-26,126.40,128.05,126.30,127.55
2021-10-27,126.85,128.10,126.25,128.05
2021-10-28,127.45,128.30,126.80,127.40
2021-10-29,127.30,127.40,124.85,125.95
2021-11-01,127.45,128.40,127.15,127.90
2021-11-02,128.95,130.30,126.85,126.95
2021-11-03,127.70,128.50,127.45,128.05
2021-11-04,129.90,130.00,127.65,128.00
2021-11-05,128.90,130.85,128.40,130.75
2021-11-08,130.90,132.70,130.60,132.70
2021-11-09,134.20,135.60,134.20,135.20
2021-11-10,135.10,135.30,134.20,135.00
2021-11-11,133.00,134.50,132.50,133.35
2021-11-12,134.65,136.10,134.00,134.40
2021-11-15,136.05,137.20,135.80,136.65
2021-11-16,136.85,137.30,136.50,136.75
2021-11-17,137.35,137.85,136.80,137.85
2021-11-18,138.30,139.85,138.25,139.85
2021-11-19,141.10,141.30,139.30,139.60
2021-11-22,139.70,140.05,139.20,139.55
2021-11-23,138.00,138.00,136.50,136.65
2021-11-24,136.45,137.05,135.75,136.35
2021-11-25,137.00,137.05,135.60,136.35
2021-11-26,134.60,135.10,131.05,131.35
2021-11-29,130.70,132.70,129.50,131.10
2021-11-30,132.90,134.50,131.25,131.70
2021-12-01,131.65,135.85,131.35,135.40
2021-12-02,134.60,137.40,134.30,137.25
2021-12-03,137.55,137.90,136.20,137.60
2021-12-06,136.10,137.70,134.45,137.00
2021-12-07,137.05,138.15,135.40,138.15
2021-12-08,141.20,141.50,139.60,139.80
2021-12-09,140.20,140.75,138.80,139.85
2021-12-10,138.95,139.70,138.15,139.25
2021-12-13,139.90,140.40,138.50,138.50
2021-12-14,137.00,137.00,134.85,135.30
2021-12-15,135.10,136.20,134.55,135.80
2021-12-16,138.25,139.30,137.50,139.15
2021-12-17,138.05,139.30,137.85,138.80
2021-12-20,138.00,138.50,135.85,136.40
2021-12-21,137.05,139.75,136.70,139.45
2021-12-22,139.45,139.70,139.00,139.70
2021-12-23,141.10,142.10,140.85,141.25
2021-12-24,142.40,142.90,141.70,141.70
2021-12-27,142.00,143.95,142.00,143.60
2021-12-28,144.30,145.65,144.25,145.65
2021-12-29,145.85,147.00,145.45,146.75
2021-12-30,146.45,146.70,145.50,146.00
2022-01-03,147.70,148.70,145.90,146.55
2022-01-04,148.75,151.20,148.75,151.20
2022-01-05,151.45,151.75,150.00,150.40
2022-01-06,148.25,149.50,146.65,148.25
2022-01-07,149.50,149.90,145.00,145.25
2022-01-10,143.60,146.80,143.30,146.75
2022-01-11,146.85,147.70,144.70,146.95
2022-01-12,149.00,149.15,147.50,148.90
2022-01-13,149.20,150.80,148.95,150.15
2022-01-14,150.80,150.90,146.80,149.35
2022-01-17,150.35,151.95,150.05,151.95
2022-01-18,151.70,152.45,149.45,149.60
2022-01-19,147.20,148.70,146.30,146.35
2022-01-20,146.50,147.90,145.00,147.50
2022-01-21,143.85,144.15,141.00,141.45
2022-01-24,140.20,143.20,139.00,143.10
2022-01-25,139.60,140.05,137.15,138.15
2022-01-26,137.65,139.70,137.60,137.85
2022-02-07,140.15,141.65,138.75,141.50
2022-02-08,143.05,143.90,142.90,142.90
2022-02-09,144.25,145.75,143.90,145.60
2022-02-10,146.10,148.10,145.30,148.10
2022-02-11,146.45,147.65,146.25,147.55
2022-02-14,144.80,144.80,142.15,143.10
2022-02-15,143.00,144.35,141.75,142.05
2022-02-16,145.80,147.00,145.60,147.00
2022-02-17,147.80,148.70,146.30,147.35
2022-02-18,144.80,147.55,144.60,147.30
2022-02-21,145.05,147.15,144.65,146.95
2022-02-22,144.40,144.45,140.00,141.85
2022-02-23,142.55,144.20,142.50,143.75
2022-02-24,140.25,140.90,136.00,136.05
2022-02-25,137.40,138.15,135.60,136.45
2022-03-01,138.40,141.95,138.40,141.35
2022-03-02,139.75,141.10,139.20,140.45
2022-03-03,141.75,142.30,140.65,140.95
2022-03-04,137.55,139.25,137.15,137.95
2022-03-07,134.00,134.00,128.20,128.65
2022-03-08,125.25,127.80,123.00,123.00
2022-03-09,125.90,127.30,125.25,126.35
2022-03-10,131.35,133.65,131.15,133.10
2022-03-11,131.75,132.00,129.50,129.80
2022-03-14,131.30,131.95,129.15,130.15
2022-03-15,128.60,128.60,124.60,124.85
2022-03-16,127.30,127.40,123.75,125.90
2022-03-17,132.50,134.15,131.35,133.85
2022-03-18,133.40,133.55,131.75,132.85
2022-03-21,134.75,135.85,134.20,134.55
2022-03-22,134.40,135.20,134.00,135.05
2022-03-23,137.00,138.20,136.45,137.70
2022-03-24,136.25,137.60,135.55,137.40
2022-03-25,137.75,137.85,136.25,136.80
2022-03-28,133.40,134.65,131.85,134.30
2022-03-29,135.20,135.75,134.50,135.05
2022-03-30,137.60,138.45,137.15,137.95
2022-03-31,138.40,138.60,136.90,136.95
2022-04-01,134.00,135.30,133.35,135.30
2022-04-06,132.35,134.45,131.90,134.20
2022-04-07,131.70,132.50,129.00,129.00
2022-04-08,129.75,131.05,129.35,130.95
2022-04-11,130.35,131.10,126.50,126.50
2022-04-12,125.90,127.70,125.20,126.90
2022-04-13,128.80,131.50,128.70,131.15
2022-04-14,131.60,131.70,130.60,130.85
2022-04-15,127.75,128.45,126.15,126.30
2022-04-18,124.85,126.40,124.10,124.80
2022-04-19,127.05,128.20,126.60,126.70
2022-04-20,127.75,128.30,126.40,128.00
2022-04-21,129.80,130.25,128.50,128.85
2022-04-22,125.35,126.85,124.90,126.60
2022-04-25,122.30,122.70,119.80,120.45
2022-04-26,121.55,121.80,120.15,120.60
2022-04-27,116.20,117.30,114.80,116.35
2022-04-28,117.10,118.20,115.50,118.00
2022-04-29,120.85,121.30,119.50,120.50
2022-05-03,120.00,120.45,118.55,119.10
2022-05-04,120.00,120.55,119.20,119.65
2022-05-05,123.10,123.25,121.55,122.00
2022-05-06,116.80,117.40,116.05,117.30
2022-05-09,114.45,114.75,112.35,112.35
2022-05-10,109.05,112.80,108.25,112.55
2022-05-11,111.65,112.90,111.00,112.15
2022-05-12,110.00,110.55,106.85,106.85
2022-05-13,109.10,109.80,108.45,109.65
2022-05-16,112.05,112.40,109.70,110.65
2022-05-17,111.60,113.15,111.30,113.00
2022-05-18,114.55,115.65,113.95,115.30
2022-05-19,111.05,111.75,110.05,111.70
2022-05-20,112.80,114.35,112.45,113.95
2022-05-23,115.40,115.55,113.50,114.20
2022-05-24,114.40,114.55,111.30,111.30
2022-05-25,112.30,114.20,111.85,113.60
2022-05-26,114.65,114.65,111.25,111.30
2022-05-27,113.95,115.55,113.85,115.35
2022-05-30,118.50,120.55,118.25,120.50
2022-05-31,119.25,121.95,118.85,121.95
2022-06-01,121.20,123.20,121.20,121.20
2022-06-02,119.45,120.50,119.05,119.65
2022-06-06,120.70,121.40,118.85,120.80
2022-06-07,119.40,119.45,118.05,118.70
2022-06-08,120.40,122.00,120.40,121.25
2022-06-09,120.00,120.75,119.70,120.75
2022-06-10,117.40,119.00,117.15,118.75
2022-06-13,113.05,113.40,112.05,112.45
2022-06-14,110.90,112.65,109.75,112.20
2022-06-15,111.65,112.80,111.05,111.20
2022-06-16,114.65,115.15,109.45,109.45
2022-06-17,106.80,108.10,106.00,107.10
2022-06-20,106.95,107.15,103.60,103.60
2022-06-21,106.60,108.85,105.65,108.85
2022-06-22,107.95,107.95,103.70,103.90
2022-06-23,105.35,105.35,101.40,102.15
2022-06-24,104.55,105.55,103.25,104.00
2022-06-27,107.00,109.10,106.75,107.95
2022-06-28,107.45,107.60,105.10,106.00
2022-06-29,103.80,105.25,103.45,104.05
2022-06-30,102.35,102.35,98.25,98.35
2022-07-01,98.55,98.55,91.80,92.35
2022-07-04,92.30,94.10,90.40,91.50
2022-07-05,95.20,95.40,89.70,92.80
2022-07-06,92.50,92.90,88.35,88.45
2022-07-07,90.15,93.50,87.90,93.05
2022-07-08,94.70,96.10,93.40,94.80
2022-07-11,95.75,95.95,92.95,93.35
2022-07-12,91.10,91.30,88.00,88.50
2022-07-13,93.30,94.45,92.80,93.80
2022-07-14,92.35,95.65,91.60,95.25
2022-07-15,95.70,97.25,94.50,96.80
2022-07-18,97.80,98.80,96.50,98.30
2022-07-19,97.35,99.00,97.25,98.85
2022-07-20,101.40,101.75,99.30,100.00
2022-07-21,100.45,102.10,99.55,102.10
2022-07-22,102.45,103.25,101.65,102.30
2022-07-25,101.35,103.15,101.20,102.60
2022-07-26,102.10,102.35,100.50,101.00
2022-07-27,101.10,102.45,100.05,102.45
2022-07-28,104.30,104.60,102.50,102.65
2022-07-29,105.00,105.30,103.70,104.20
2022-08-01,104.20,104.60,102.85,103.95
2022-08-02,101.50,101.60,99.75,100.35
2022-08-03,100.80,101.50,100.20,101.00
2022-08-04,101.15,101.75,98.50,100.75
2022-08-05,103.60,106.05,103.60,106.00
2022-08-08,104.65,105.60,104.20,105.45
2022-08-09,104.10,106.40,103.65,105.75
2022-08-10,103.55,104.60,103.30,104.00
2022-08-11,107.50,108.05,106.70,107.80
2022-08-12,108.45,109.60,108.30,109.45
2022-08-15,110.50,111.40,109.80,111.15
2022-08-16,111.05,111.65,110.95,111.25
2022-08-17,111.25,111.80,110.95,111.40
2022-08-18,109.85,110.55,109.35,110.40
2022-08-19,110.35,111.70,109.85,110.80
2022-08-22,108.30,109.35,108.10,108.25
2022-08-23,106.60,107.20,106.00,106.20
2022-08-24,107.00,107.20,105.40,105.65
2022-08-25,107.05,108.45,107.00,107.80
2022-08-26,109.45,109.80,108.55,108.80
2022-08-29,102.65,103.80,102.05,103.10
2022-08-30,103.30,104.90,103.00,104.25
2022-08-31,102.50,105.80,102.45,105.65
2022-09-01,101.90,102.25,100.60,101.00
2022-09-02,101.20,101.45,99.40,99.40
2022-09-05,100.25,100.85,98.95,99.55
2022-09-06,101.05,101.75,99.05,99.90
2022-09-07,97.15,97.50,95.90,95.90
2022-09-08,97.25,98.15,96.60,98.10
2022-09-12,101.65,102.20,101.10,101.90
2022-09-13,103.30,103.65,102.40,102.85
2022-09-14,97.80,99.55,97.50,99.00
2022-09-15,98.80,100.35,98.50,99.65
2022-09-16,97.55,97.90,97.15,97.45
2022-09-19,98.20,98.25,96.40,96.50
2022-09-20,97.60,98.30,97.10,98.20
2022-09-21,97.25,97.60,96.35,96.70
2022-09-22,93.75,94.35,92.40,94.20
2022-09-23,93.70,94.10,92.00,92.70
2022-09-26,90.05,90.10,87.90,88.15
2022-09-27,89.30,89.40,87.90,88.70
2022-09-28,88.80,89.15,84.60,84.65
2022-09-29,86.60,86.75,84.35,85.05
2022-09-30,82.80,83.95,82.05,83.20
2022-10-03,81.35,83.75,81.30,81.50
2022-10-04,85.05,85.70,84.25,85.55
2022-10-05,87.70,89.30,87.45,88.30
2022-10-06,89.40,89.50,88.60,89.15
2022-10-07,88.15,88.40,86.75,86.85
2022-10-11,81.05,81.50,78.85,78.85
2022-10-12,78.85,79.40,77.55,78.60
2022-10-13,78.85,78.85,75.60,75.60
2022-10-14,79.75,80.90,78.90,79.95
2022-10-17,77.35,79.50,75.85,79.35
2022-10-18,80.15,80.15,77.65,79.15
2022-10-19,78.90,79.90,77.70,77.80
2022-10-20,75.20,76.80,73.95,76.70
2022-10-21,76.85,77.25,75.55,75.60
2022-10-24,78.70,78.70,76.25,76.25
2022-10-25,76.30,76.30,73.65,74.00
2022-10-26,74.20,75.70,73.75,74.80
2022-10-27,76.40,77.50,76.40,76.95
2022-10-28,76.25,76.60,74.60,74.90
2022-10-31,76.45,77.55,75.70,76.95
2022-11-01,76.95,78.80,76.90,78.20
2022-11-02,78.20,78.80,77.90,78.80
2022-11-03,76.45,77.35,76.35,77.35
2022-11-04,76.25,77.95,75.70,77.95
2022-11-07,79.05,80.60,78.65,80.30
2022-11-08,81.40,82.15,81.25,81.45
2022-11-09,82.95,85.20,82.80,85.20
2022-11-10,84.05,84.50,83.25,83.60
2022-11-11,91.30,91.30,89.00,90.65
2022-11-14,91.70,92.85,91.30,92.20
2022-11-15,93.80,97.95,93.45,97.75
2022-11-16,98.25,98.70,96.30,97.80
2022-11-17,97.10,98.35,95.80,98.15
2022-11-18,98.40,100.20,97.00,97.20
2022-11-21,97.60,97.95,96.60,96.75
2022-11-22,96.45,98.20,96.00,97.85
2022-11-23,99.60,99.75,98.45,99.30
2022-11-24,100.30,101.75,99.95,101.55
2022-11-25,101.05,101.90,100.75,100.80
2022-11-28,97.60,98.90,96.90,97.85
2022-11-29,97.45,100.05,96.70,99.95
2022-11-30,99.50,102.10,99.30,102.10
2022-12-01,105.50,106.20,103.55,104.35
2022-12-02,102.65,104.00,102.50,103.05
2022-12-05,103.05,105.05,102.95,103.55
2022-12-06,102.70,103.00,100.10,100.10
2022-12-07,99.40,101.30,98.85,99.10
2022-12-08,98.35,98.40,96.30,97.50
2022-12-09,98.95,100.50,98.50,100.00
2022-12-12,98.60,98.75,97.35,98.40
2022-12-13,99.25,99.25,97.45,97.65
2022-12-14,98.85,100.55,98.55,100.30
2022-12-15,99.20,100.75,99.05,100.40
2022-12-16,96.50,98.00,96.20,96.95
2022-12-19,95.85,97.05,95.80,96.05
2022-12-20,95.70,96.50,92.40,92.50
2022-12-21,93.50,94.20,92.90,93.20
2022-12-22,95.25,96.40,95.00,96.40
2022-12-23,93.30,94.20,92.85,93.70
2022-12-26,94.05,94.40,93.65,94.35
2022-12-27,95.05,96.25,94.85,95.05
2022-12-28,93.15,93.50,92.00,92.40
2022-12-29,91.00,91.90,90.30,91.70
2022-12-30,93.45,93.75,92.80,92.80
2023-01-03,91.50,94.30,90.40,94.05
2023-01-04,93.40,94.50,93.40,93.80
2023-01-05,95.15,95.85,94.25,94.50
2023-01-06,94.70,96.25,94.70,95.90
2023-01-09,99.00,101.20,98.85,101.20
2023-01-10,101.70,102.35,101.10,102.30
2023-01-11,103.00,103.00,101.20,101.70
2023-01-12,102.40,102.40,100.80,101.15
2023-01-13,104.65,104.70,102.40,102.60
2023-01-16,104.00,104.90,103.85,104.00
2023-01-17,104.00,104.45,103.75,104.00
2023-01-30,112.10,112.65,110.40,111.55
2023-01-31,111.45,111.55,109.15,109.30
2023-02-01,110.45,110.65,109.30,110.55
2023-02-02,112.45,113.75,111.85,113.60
2023-02-03,112.95,114.15,112.05,113.55
2023-02-06,111.80,111.95,110.70,110.70
2023-02-07,110.50,111.35,110.20,110.70
2023-02-08,112.30,113.85,112.25,113.65
2023-02-09,112.80,113.55,112.65,113.50
2023-02-10,113.00,113.50,112.45,113.15
2023-02-13,112.80,112.85,111.20,112.70
2023-02-14,113.85,114.75,113.60,114.50
2023-02-15,112.05,112.75,110.20,110.20
2023-02-16,111.55,113.35,111.55,112.95
2023-02-17,111.15,111.45,110.30,111.05
2023-02-20,110.60,112.45,110.35,112.00
2023-02-21,111.65,112.25,111.35,112.05
2023-02-22,109.50,110.30,108.80,109.80
2023-02-23,110.80,113.75,110.80,113.10
2023-02-24,114.00,114.30,111.85,111.85
2023-03-01,109.50,112.60,108.95,112.50
2023-03-02,112.40,112.75,110.80,112.40
2023-03-03,113.70,114.10,112.60,112.90
2023-03-06,114.85,116.25,114.25,115.45
2023-03-07,115.25,117.20,115.05,117.00
2023-03-08,115.35,115.80,114.65,115.65
2023-03-09,116.25,116.40,115.00,115.00
2023-03-10,112.20,112.75,110.75,111.00
2023-03-13,110.75,111.95,109.30,111.85
2023-03-14,109.20,110.25,108.80,109.25
2023-03-15,110.70,111.65,109.70,109.80
2023-03-16,108.55,109.20,107.30,107.90
2023-03-17,109.55,111.00,109.55,111.00
2023-03-20,111.30,111.30,110.00,110.15
2023-03-21,111.60,112.15,111.00,111.50
2023-03-22,113.50,115.40,113.45,115.35
2023-03-23,114.85,117.50,114.85,117.00
2023-03-24,117.50,118.30,116.60,118.30
2023-03-27,117.35,117.85,116.40,116.90
2023-03-28,116.20,116.70,114.30,114.50
2023-03-29,115.65,116.15,114.30,115.45
2023-03-30,116.80,117.25,115.90,116.80
2023-03-31,117.70,118.75,117.30,117.50
2023-04-06,115.95,116.25,114.95,116.00
2023-04-07,117.00,117.25,116.30,116.60
2023-04-10,117.45,118.10,116.75,117.35
2023-04-11,117.10,118.55,116.80,117.90
2023-04-12,118.20,118.20,117.10,117.90
2023-04-13,117.05,117.45,116.05,116.25
2023-04-14,117.10,118.80,116.85,118.45
2023-04-17,117.40,118.30,117.10,118.00
2023-04-18,117.85,118.20,116.80,117.15
2023-04-19,117.55,117.75,115.60,116.10
2023-04-20,115.10,116.15,114.55,115.00
2023-04-21,115.85,116.00,113.55,113.70
2023-04-24,113.00,114.05,112.80,113.80
2023-04-25,113.85,113.85,110.05,110.20
2023-04-26,109.95,110.35,109.15,110.10
2023-04-27,109.70,111.15,109.10,110.30
2023-04-28,112.00,113.10,111.85,112.85
2023-05-02,113.05,114.15,112.55,113.75
2023-05-03,112.50,113.00,112.15,112.65
2023-05-04,111.95,113.40,111.80,113.35
2023-05-05,113.85,114.45,112.85,113.70
2023-05-08,115.25,115.70,114.80,114.85
2023-05-09,115.00,115.25,114.10,115.25
2023-05-10,114.60,114.70,113.10,113.30
2023-05-11,114.05,114.15,112.15,112.15
2023-05-12,111.15,112.70,110.75,112.15
2023-05-15,111.35,112.05,110.90,111.85
2023-05-16,113.40,115.00,113.15,114.70
2023-05-17,115.00,118.40,115.00,118.20
2023-05-18,120.35,121.40,119.60,120.95
2023-05-19,121.75,122.30,121.10,122.00
2023-05-22,121.95,122.40,121.50,121.80
2023-05-23,121.85,122.90,121.20,122.10
2023-05-24,121.00,121.40,120.10,121.15
2023-05-25,123.15,123.50,122.00,123.25
2023-05-26,126.15,127.15,125.60,127.00
2023-05-29,129.35,129.75,128.65,129.10
2023-05-30,129.10,129.50,128.25,129.20
2023-05-31,128.80,129.25,127.15,128.25
2023-06-01,126.95,127.95,126.65,127.45
2023-06-02,129.05,131.30,128.90,130.80
2023-06-05,130.45,131.70,130.20,130.35
2023-06-06,130.30,131.95,130.30,131.10
2023-06-07,132.00,134.00,131.85,133.80
2023-06-08,133.10,133.45,130.30,130.80
2023-06-09,132.20,133.75,132.10,133.30
2023-06-12,134.30,135.25,134.10,134.75
2023-06-13,137.60,140.00,137.05,139.35
2023-06-14,138.15,139.30,138.05,139.20
2023-06-15,139.55,140.85,139.30,140.85
2023-06-16,140.10,140.55,139.00,139.85
2023-06-19,138.40,139.90,138.40,139.45
2023-06-20,139.00,139.35,137.25,138.45
2023-06-21,137.90,139.15,137.65,138.40
2023-06-26,136.60,136.90,135.50,136.20
2023-06-27,134.75,135.90,133.75,133.95
2023-06-28,135.10,135.10,133.85,134.30
2023-06-29,136.35,137.60,134.10,134.45
2023-06-30,133.80,135.25,133.40,135.25
2023-07-03,137.05,138.80,136.80,138.75
2023-07-04,139.05,139.95,138.00,139.90
2023-07-05,139.65,139.65,137.85,138.30
2023-07-06,135.55,136.35,132.80,133.35
2023-07-07,131.85,133.45,130.80,132.10
2023-07-10,132.70,133.80,131.00,131.60
2023-07-11,134.30,135.85,134.00,135.65
2023-07-12,135.50,136.75,135.05,136.40
2023-07-13,139.90,141.90,138.95,139.25
2023-07-14,140.80,142.75,140.25,142.40
2023-07-17,141.90,143.35,141.60,142.40
2023-07-18,142.95,144.00,140.55,141.30
2023-07-19,142.90,142.90,139.35,139.60
2023-07-20,139.40,141.00,139.30,140.35
2023-07-21,136.40,138.10,135.60,137.70
2023-07-24,137.65,138.75,136.40,138.15
2023-07-25,140.00,142.05,139.90,141.35
2023-07-26,141.10,141.50,139.85,140.30
2023-07-27,142.20,142.70,141.50,142.40
2023-07-28,141.50,143.25,140.80,142.50
2023-07-31,145.20,145.40,139.40,139.85
2023-08-01,141.45,141.95,140.15,141.50
2023-08-02,140.70,141.15,135.60,135.95
2023-08-04,135.05,136.35,134.40,135.75
2023-08-07,136.50,138.80,136.00,138.80
2023-08-08,137.65,138.35,134.60,135.95
2023-08-09,135.10,137.30,135.00,135.90
2023-08-10,135.15,135.15,132.05,132.65
2023-08-11,133.90,134.50,131.90,132.55
2023-08-14,129.95,130.45,127.65,128.15
2023-08-15,130.00,131.00,129.40,129.50
2023-08-16,127.75,128.95,127.30,128.85
2023-08-17,126.80,130.60,126.15,130.45
2023-08-18,129.50,131.20,127.85,128.15
2023-08-21,130.00,130.00,127.90,128.00
2023-08-22,130.25,130.45,128.80,129.10
2023-08-23,129.35,131.45,129.30,131.45
2023-08-24,134.50,135.20,133.40,134.70
2023-08-25,131.75,132.00,129.35,129.35
2023-08-28,130.50,131.30,130.10,130.40
2023-08-29,131.35,132.50,129.95,132.50
2023-08-30,134.45,134.90,133.70,133.95
2023-08-31,133.10,133.35,132.25,132.35
2023-09-01,132.35,133.90,132.10,133.05
2023-09-04,132.75,134.75,132.25,134.45
2023-09-05,134.00,134.60,133.80,134.55
2023-09-06,134.90,135.10,133.65,133.80
2023-09-07,132.20,132.75,131.40,131.45
2023-09-08,130.50,131.45,129.90,131.05
2023-09-11,131.35,131.35,128.30,128.90
2023-09-12,129.75,131.85,129.10,131.30
2023-09-13,131.75,132.55,130.80,131.70
2023-09-14,133.25,135.70,133.15,135.70
2023-09-15,135.95,136.75,135.15,136.75
2023-09-18,134.60,134.95,133.65,133.65
2023-09-19,133.85,134.00,132.20,132.20
2023-09-20,131.85,132.50,130.80,131.00
2023-09-21,128.75,129.00,126.75,126.90
2023-09-22,125.95,127.70,125.65,127.45
2023-09-25,128.05,129.90,128.05,129.45
2023-09-26,127.80,128.50,126.45,126.45
2023-09-27,125.85,127.25,125.85,126.90
2023-09-28,128.10,128.90,126.80,127.80
2023-10-02,130.15,131.50,129.95,131.05
2023-10-03,130.25,130.75,128.80,128.95
2023-10-04,125.95,126.50,124.65,126.10
2023-10-05,127.20,129.50,127.20,129.50
2023-10-06,130.30,130.55,129.55,130.35
2023-10-11,133.80,133.95,132.50,133.20
2023-10-12,133.85,135.50,133.45,135.30
2023-10-13,134.10,134.70,133.60,134.25
2023-10-16,132.35,132.80,131.65,132.30
2023-10-17,134.00,134.00,132.15,132.15
2023-10-18,131.60,131.60,129.20,129.40
2023-10-19,128.40,129.55,128.15,129.20
2023-10-20,127.60,129.20,126.05,128.70
2023-10-23,127.05,127.60,125.95,126.00
2023-10-24,126.00,127.25,124.35,127.25
2023-10-25,128.00,129.25,127.80,127.95
2023-10-26,123.40,124.60,122.75,122.75
2023-10-27,124.20,125.10,123.75,124.10
2023-10-30,124.60,125.30,123.85,124.00
2023-10-31,124.55,124.70,121.50,121.80
2023-11-01,123.25,123.40,121.65,122.90
2023-11-02,126.15,127.85,126.10,127.85
2023-11-03,128.85,129.95,128.65,129.60
2023-11-06,131.85,133.30,131.40,132.25
2023-11-07,131.50,132.45,131.30,132.30
2023-11-08,132.50,134.05,132.40,133.50
2023-11-09,133.00,133.90,132.55,133.65
2023-11-10,131.80,132.60,131.80,132.40
2023-11-13,136.65,136.85,134.80,135.40
2023-11-14,136.70,137.00,136.05,136.65
2023-11-15,140.05,140.15,138.75,139.80
2023-11-16,140.35,140.60,139.05,139.95
2023-11-17,139.95,141.25,139.95,140.70
2023-11-20,140.70,141.05,139.80,140.45
2023-11-21,142.35,144.15,142.35,143.90
2023-11-22,142.00,142.60,141.40,141.85
2023-11-23,141.65,142.35,140.65,141.75
2023-11-24,142.45,142.60,141.50,141.95
2023-11-27,142.30,142.90,139.40,139.40
2023-11-28,140.20,143.50,140.20,142.85
2023-11-29,143.45,144.30,142.65,142.65
2023-11-30,143.40,143.55,141.90,143.50
2023-12-01,142.45,143.90,142.05,143.80
2023-12-04,144.75,144.95,143.15,143.70
2023-12-05,141.85,142.10,140.80,141.75
2023-12-06,142.55,144.30,142.50,143.00
2023-12-07,142.20,142.90,141.30,141.30
2023-12-08,144.05,144.50,143.05,143.05
2023-12-11,143.65,143.65,142.70,143.55
2023-12-12,145.35,145.55,143.90,144.25
2023-12-13,144.70,145.30,143.95,144.30
2023-12-14,147.30,148.25,146.75,147.70
2023-12-15,149.10,149.50,148.35,148.35
2023-12-18,147.35,147.90,146.60,147.85
2023-12-19,147.15,147.15,145.30,146.30
2023-12-20,147.20,148.15,146.75,148.15
2023-12-21,144.35,145.85,144.30,145.70
2023-12-22,146.20,146.65,145.90,146.20
2023-12-25,147.10,147.60,147.00,147.15
2023-12-26,147.60,149.15,147.45,149.10
2023-12-27,149.55,151.50,149.25,151.40
2023-12-28,151.50,151.70,150.65,151.15
2023-12-29,150.95,151.85,150.70,151.20
2024-01-02,152.00,152.20,149.40,149.95
2024-01-03,147.35,147.35,145.25,145.90
2024-01-04,146.10,146.40,145.50,145.70
2024-01-05,146.05,147.05,145.00,145.15
2024-01-08,147.05,148.30,146.30,146.35
2024-01-09,148.60,148.60,145.65,146.20
2024-01-10,144.60,145.30,144.10,144.45
2024-01-11,145.20,146.70,144.75,146.30
2024-01-12,144.50,146.10,144.25,145.25
2024-01-15,146.85,147.50,145.60,146.35
2024-01-16,143.80,144.10,142.35,143.00
2024-01-17,142.50,142.80,140.35,140.60
2024-01-18,141.35,142.05,140.40,141.15
2024-01-19,145.85,148.20,145.15,148.05
2024-01-22,150.05,150.75,149.25,150.20
2024-01-23,150.85,151.20,150.30,151.20
2024-01-24,151.55,152.25,151.35,151.40
2024-01-25,153.15,153.70,152.45,153.50
2024-01-26,152.85,153.85,152.80,153.10
2024-01-29,153.05,155.70,153.05,155.70
2024-01-30,155.20,155.70,154.65,155.15
2024-01-31,152.90,153.50,151.75,152.00
2024-02-01,152.40,152.80,151.35,152.65
2024-02-02,154.35,154.90,153.75,154.90
2024-02-05,153.65,155.30,153.20,155.05
2024-02-15,164.75,165.60,163.25,165.20
2024-02-16,165.55,166.00,164.60,164.80
2024-02-19,164.60,165.20,164.15,165.00
2024-02-20,163.95,166.15,163.95,166.15
2024-02-21,165.65,166.00,165.10,165.20
2024-02-22,168.05,168.90,166.30,168.90
2024-02-23,170.15,170.80,169.20,169.45
2024-02-26,168.85,170.80,168.35,170.50
2024-02-27,170.65,171.10,166.55,168.85
2024-02-29,167.90,170.80,167.75,170.15
2024-03-01,170.90,171.05,169.60,169.85
2024-03-04,173.60,177.00,173.60,176.35
2024-03-05,178.00,178.80,176.60,178.10
2024-03-06,176.00,180.45,176.00,180.10
2024-03-07,183.30,185.30,181.90,184.20
2024-03-08,189.65,190.05,183.05,186.10
2024-03-11,184.85,186.55,183.90,184.80
2024-03-12,184.45,188.80,184.45,188.80
2024-03-13,190.45,191.15,187.90,188.65
2024-03-14,188.65,189.40,186.25,188.40
2024-03-15,186.50,187.50,185.30,185.35
2024-03-18,185.35,188.10,185.20,188.10
2024-03-19,185.60,188.00,185.10,187.55
2024-03-20,188.30,188.85,185.60,186.05
2024-03-21,190.50,194.30,190.30,194.10
2024-03-22,194.05,194.75,191.80,193.60
2024-03-25,193.55,195.15,192.95,194.15
2024-03-26,196.20,198.10,190.40,193.00
2024-03-27,193.70,194.90,192.40,194.35
2024-03-28,193.60,194.00,191.00,193.45
2024-03-29,194.15,194.95,193.20,194.70
2024-04-01,196.10,196.95,194.40,194.55
2024-04-02,196.75,199.20,196.55,199.20
2024-04-03,196.35,197.30,194.80,196.55
2024-04-08,196.85,199.20,196.50,198.30
2024-04-09,199.95,206.45,199.80,206.30
2024-04-10,205.55,206.60,205.00,205.65
2024-04-11,203.40,204.10,202.05,203.80
2024-04-12,203.30,204.95,202.75,204.05
2024-04-15,200.65,200.90,198.10,199.15
2024-04-16,194.75,194.75,185.20,187.50
2024-04-17,189.55,192.75,189.00,192.10
2024-04-18,189.35,194.50,188.80,194.35
2024-04-19,186.55,186.60,174.35,179.00
2024-04-22,179.00,181.60,177.50,178.45
2024-04-23,182.55,182.95,179.60,181.70
2024-04-24,186.90,191.40,186.85,190.95
2024-04-25,186.55,187.25,184.60,185.00
2024-04-26,190.10,192.45,189.20,190.60
2024-04-29,195.15,197.95,194.60,197.50
2024-04-30,197.40,198.30,196.35,196.35
2024-05-02,193.40,194.50,192.00,193.10
2024-05-03,197.75,198.20,193.15,194.00
2024-05-06,199.30,200.80,198.10,198.85
2024-05-07,201.60,201.60,197.65,200.05
2024-05-08,199.50,201.35,198.50,201.20
2024-05-09,200.70,201.95,199.55,199.55
2024-05-10,201.35,203.35,199.35,202.65
2024-05-13,205.85,206.00,203.70,204.30
2024-05-14,204.85,207.05,204.30,207.05
2024-05-15,210.00,214.35,209.90,211.40
2024-05-16,216.30,217.90,213.30,214.15
2024-05-17,214.15,214.75,212.60,213.35
2024-05-20,214.65,214.70,209.80,213.25
2024-05-21,212.40,213.50,210.10,212.45
2024-05-22,214.20,219.10,214.00,218.70
2024-05-23,219.00,220.15,216.75,219.55
2024-05-24,216.00,219.30,216.00,218.95
2024-05-27,222.25,225.40,222.10,224.55
2024-05-28,224.95,227.15,224.20,226.50
2024-05-29,225.25,225.35,221.85,221.95
2024-05-30,216.05,217.80,214.25,214.30
2024-05-31,216.50,218.35,212.10,212.10
2024-06-03,217.70,220.45,215.15,219.55
2024-06-04,217.25,217.25,212.40,213.40
2024-06-05,214.45,216.40,211.10,215.50
2024-06-06,224.35,225.95,222.80,224.45
2024-06-07,223.50,224.45,222.85,223.70
2024-06-11,224.60,226.10,222.70,223.05
2024-06-12,223.85,228.45,223.30,228.10
2024-06-13,234.00,236.90,231.25,234.20
2024-06-14,233.60,237.20,232.80,237.10
2024-06-17,236.55,238.50,236.00,237.10
2024-06-18,241.95,244.30,241.50,244.15
2024-06-19,249.00,254.95,248.70,253.95
2024-06-20,253.95,259.15,253.85,259.15
2024-06-21,253.05,257.50,253.05,256.05
2024-06-24,251.20,251.25,245.00,245.00
2024-06-25,243.10,246.20,238.20,245.45
2024-06-26,248.30,250.95,245.75,248.30
2024-06-27,243.20,247.20,243.00,246.75
2024-06-28,247.70,253.65,246.70,250.80
2024-07-01,251.70,254.50,249.85,250.80
2024-07-02,248.75,250.65,245.15,247.10
2024-07-03,252.60,254.25,250.40,253.90
2024-07-04,261.10,264.70,261.10,264.70
2024-07-05,265.15,265.90,263.00,263.20
2024-07-08,264.00,273.45,263.10,271.70
2024-07-09,272.10,275.80,265.30,270.85
2024-07-10,269.95,273.60,266.80,273.00
2024-07-11,279.40,282.90,277.15,281.90
2024-07-12,271.60,274.00,268.50,269.50
2024-07-15,273.50,273.50,268.00,269.50
2024-07-16,271.00,277.00,270.30,272.00
2024-07-17,270.40,272.15,267.60,268.30
2024-07-18,257.70,259.95,254.50,259.15
2024-07-19,254.50,255.00,247.95,248.25
2024-07-22,246.05,246.15,234.00,236.75
2024-07-23,243.05,247.40,242.15,247.40
2024-07-26,229.40,232.95,226.70,231.65
2024-07-29,238.00,238.05,232.00,233.50
2024-07-30,228.70,235.05,225.15,234.10
2024-07-31,231.00,235.60,229.20,233.95
2024-08-01,243.10,243.10,238.60,242.00
2024-08-02,227.65,230.20,219.00,219.00
2024-08-05,195.75,195.75,176.90,176.90
2024-08-06,195.40,199.80,178.55,194.00
2024-08-07,197.50,210.20,196.10,209.30
2024-08-08,201.10,205.50,196.85,200.35
2024-08-09,211.05,215.05,208.40,211.70
2024-08-12,215.60,220.95,215.50,217.00
2024-08-13,220.25,220.45,216.75,218.40
2024-08-14,223.90,226.30,221.50,223.15
2024-08-15,224.15,225.50,220.85,221.20
2024-08-16,230.30,231.95,229.00,230.90
2024-08-19,231.00,233.85,230.00,230.80
2024-08-20,234.10,234.75,231.05,231.50
2024-08-21,229.70,230.50,227.25,228.45
2024-08-22,228.50,229.05,224.60,225.50
2024-08-23,221.85,227.25,221.40,226.65
2024-08-26,230.15,232.95,226.80,227.50
2024-08-27,224.65,228.05,224.05,227.30
2024-08-28,228.00,231.70,225.15,231.70
2024-08-29,224.40,228.75,222.80,227.45
2024-08-30,229.50,231.00,228.15,229.90
2024-09-02,232.55,233.05,227.15,228.00
2024-09-03,228.00,229.95,224.90,225.25
2024-09-04,203.30,210.55,199.95,203.55
2024-09-05,208.80,211.80,204.30,205.65
2024-09-06,206.90,211.50,203.75,210.65
2024-09-09,201.15,205.55,200.20,205.05
2024-09-10,207.50,207.85,201.60,204.15
2024-09-11,204.05,205.50,202.70,202.70
2024-09-12,213.20,218.05,212.15,216.75
2024-09-13,217.80,218.70,216.20,218.70
2024-09-16,219.00,220.10,217.85,219.60
2024-09-18,218.50,219.80,215.00,216.05
2024-09-19,217.05,223.75,215.75,223.35
2024-09-20,230.05,231.00,226.05,226.05
2024-09-23,228.60,230.10,227.65,229.20
2024-09-24,228.10,232.25,225.50,232.25
2024-09-25,238.50,239.95,237.60,239.20
2024-09-26,243.30,244.30,240.85,241.80
2024-09-27,245.40,246.55,241.05,241.50
2024-09-30,237.35,237.80,228.95,228.95
2024-10-01,230.25,231.35,228.85,230.00
2024-10-04,229.80,232.40,227.25,228.10
2024-10-07,233.90,238.45,233.60,238.20
2024-10-08,234.55,235.00,230.25,233.90
2024-10-09,239.25,240.00,236.00,236.00
2024-10-11,239.00,243.35,239.00,241.55
2024-10-14,241.35,243.85,239.05,243.05
2024-10-15,245.60,250.80,245.50,249.40
2024-10-16,241.45,247.05,240.30,243.50
2024-10-17,244.35,246.95,241.85,245.10
2024-10-18,257.05,258.45,252.45,253.90
2024-10-21,257.80,258.05,254.00,254.20
2024-10-22,251.55,253.50,248.85,253.50
2024-10-23,250.70,252.10,248.85,249.70
2024-10-24,249.70,250.85,245.85,246.90
2024-10-25,249.10,250.85,247.55,250.50
2024-10-28,253.85,254.40,246.30,248.35
2024-10-29,242.50,242.55,235.20,240.00
2024-10-30,242.60,244.15,238.40,239.05
2024-11-01,227.95,237.75,227.50,236.65
2024-11-04,237.90,242.20,237.00,241.95
2024-11-05,238.35,245.50,238.15,243.00
2024-11-06,244.40,250.75,242.90,246.75
2024-11-07,245.45,253.20,245.30,251.65
2024-11-08,256.10,257.20,252.50,254.15
2024-11-11,253.95,253.95,248.40,253.65
2024-11-12,245.45,246.50,239.70,239.70
2024-11-13,239.50,241.40,238.40,238.50
2024-11-14,238.35,238.35,232.50,234.10
2024-11-15,236.20,239.40,234.70,238.00
2024-11-18,236.05,236.55,231.90,232.10
2024-11-19,234.00,240.25,232.60,238.40
2024-11-20,240.55,240.55,235.40,236.20
2024-11-21,231.85,234.55,230.35,232.50
2024-11-22,236.50,241.30,236.50,240.40
2024-11-25,243.50,245.10,240.50,241.00
2024-11-26,236.65,236.65,232.35,233.65
2024-11-27,233.65,233.70,226.60,226.90
2024-11-28,227.15,227.15,222.00,225.55
2024-11-29,220.90,228.25,219.85,227.25
2024-12-02,231.10,235.95,231.10,235.55
2024-12-03,241.30,242.85,239.65,241.15
2024-12-04,243.15,245.00,241.45,245.00
2024-12-05,245.95,246.40,244.25,245.35
2024-12-06,245.90,246.70,242.70,244.35
2024-12-09,245.30,245.65,243.55,244.20
2024-12-10,244.45,246.70,240.85,241.45
2024-12-11,237.90,240.95,236.50,237.25
2024-12-12,241.85,243.95,241.30,241.40
2024-12-13,239.20,241.50,237.90,240.35
2024-12-16,245.00,245.35,239.00,239.00
2024-12-17,242.00,244.20,241.35,241.75
2024-12-18,239.95,244.00,238.45,241.75
2024-12-19,235.00,236.85,234.00,236.20
2024-12-20,234.00,234.65,230.50,231.75
2024-12-23,237.10,242.90,236.80,242.90
2024-12-24,245.30,245.95,242.90,243.05
2024-12-25,245.00,245.65,243.50,245.40
2024-12-26,245.55,246.30,244.55,244.80
2024-12-27,243.50,246.30,243.00,246.05
2024-12-30,243.60,245.40,242.05,242.20
2024-12-31,239.35,240.90,237.80,240.35
2025-01-02,238.00,238.35,232.70,234.45
2025-01-03,238.35,240.60,236.85,238.10
2025-01-06,244.80,251.25,244.10,251.15
2025-01-07,257.75,258.05,254.05,254.05
2025-01-08,250.35,252.00,247.75,248.40
2025-01-09,246.20,247.25,240.95,241.50
2025-01-10,240.30,241.70,237.90,240.30
2025-01-13,238.20,238.70,227.15,229.00
2025-01-14,231.30,233.05,228.80,232.55
2025-01-15,232.00,232.55,228.20,228.60
2025-01-16,237.40,240.85,236.60,237.85
2025-01-17,240.10,240.65,235.85,239.35
2025-01-20,240.45,245.00,240.45,244.15
2025-01-21,242.15,245.15,240.95,244.65
2025-01-22,248.65,251.35,248.35,250.90
2025-02-03,229.60,232.65,227.75,229.50
2025-02-04,234.00,234.10,230.05,230.65
2025-02-05,237.25,241.35,237.25,239.65
2025-02-06,242.90,243.55,240.55,240.90
2025-02-07,242.00,244.95,241.75,244.90
2025-02-10,242.40,242.40,239.20,240.80
2025-02-11,244.50,245.90,242.05,242.75
2025-02-12,245.20,246.55,242.05,242.20
2025-02-13,241.80,244.15,241.00,243.95
2025-02-14,241.55,241.55,238.20,239.00
2025-02-17,241.95,246.40,241.95,246.35
2025-02-18,246.45,248.55,245.25,248.55
2025-02-19,247.95,249.40,247.00,247.50
2025-02-20,246.40,246.70,243.00,245.90
2025-02-21,245.60,250.50,245.15,250.45
2025-02-24,245.15,246.95,244.50,246.95
2025-02-25,242.00,242.10,238.20,241.00
2025-02-26,239.00,243.20,237.40,243.15
2025-02-27,243.50,244.05,237.90,238.45
2025-03-03,230.00,231.00,227.35,229.45
2025-03-04,221.60,228.00,220.90,226.95
2025-03-05,231.10,233.10,229.10,232.60
2025-03-06,233.05,233.10,228.90,229.65
2025-03-07,226.35,228.45,224.50,225.40
2025-03-10,225.45,225.55,221.10,223.75
2025-03-11,213.60,216.20,208.10,215.50
2025-03-12,216.70,221.20,215.90,217.85
2025-03-13,223.40,223.80,213.95,213.95
2025-03-14,214.85,215.35,212.20,213.80
2025-03-17,218.50,220.40,216.75,217.30
2025-03-18,220.25,221.50,218.10,219.05
2025-03-19,218.55,219.25,214.20,214.90
2025-03-20,219.00,222.45,218.70,222.20
2025-03-21,221.15,221.15,217.90,218.20
2025-03-24,221.45,221.70,216.80,216.85
2025-03-25,221.50,222.85,218.45,220.25
2025-03-26,221.45,222.50,219.30,220.70
2025-03-27,214.05,214.65,212.50,213.30
2025-03-28,210.00,210.20,204.55,206.10
2025-03-31,194.25,196.25,190.20,191.00
2025-04-01,193.75,199.95,193.25,199.05
2025-04-02,199.50,201.50,198.40,200.30
2025-04-07,160.25,160.25,160.25,160.25
2025-04-08,149.15,154.00,138.70,142.30
2025-04-09,140.50,143.65,125.15,126.45
2025-04-10,151.70,151.70,151.70,151.70
2025-04-11,144.00,160.10,143.60,160.10
2025-04-14,165.55,167.80,158.95,159.75
2025-04-15,161.35,165.20,160.05,165.00
2025-04-16,161.75,161.90,157.85,158.10
2025-04-17,156.70,158.60,153.90,157.30
2025-04-18,158.00,158.90,156.75,157.90
2025-04-21,156.20,156.75,152.65,152.65
2025-04-22,149.75,152.50,148.40,148.70
2025-04-23,156.75,161.30,156.60,161.10
2025-04-24,162.20,162.50,158.30,158.60
2025-04-25,167.70,168.00,165.30,165.60
2025-04-28,167.80,168.75,167.00,167.85
2025-04-29,167.90,171.35,167.35,170.95
2025-04-30,170.10,172.45,169.55,170.30
2025-05-02,176.55,179.90,176.20,179.85
2025-05-05,181.30,181.40,171.30,175.15
2025-05-06,172.55,176.15,171.35,174.75
2025-05-07,176.20,176.90,172.45,174.25
2025-05-08,176.90,179.65,176.35,178.35
2025-05-09,179.50,182.50,178.15,182.45
2025-05-12,185.35,187.40,184.90,186.40
2025-05-13,193.60,193.80,190.10,190.75
2025-05-14,196.30,198.95,195.30,198.70
2025-05-15,198.25,199.35,196.80,197.55
2025-05-16,197.30,200.60,197.05,200.15
2025-05-19,197.50,198.30,193.70,194.10
2025-05-20,197.50,197.75,194.10,194.60
2025-05-21,196.10,200.00,196.05,199.50
2025-05-22,196.00,196.35,193.80,195.40
2025-05-23,197.40,197.40,193.15,194.75
2025-05-26,194.15,195.25,193.25,193.60
2025-05-27,193.55,193.55,188.90,190.10
2025-05-28,194.80,195.80,189.25,190.85
2025-05-29,195.70,195.90,191.55,191.95
2025-06-02,186.60,187.45,182.85,183.70
2025-06-03,187.65,190.15,185.70,186.15
2025-06-04,191.50,195.80,191.05,195.70
2025-06-05,196.85,198.25,195.50,196.00
2025-06-06,195.85,197.50,195.55,196.70
2025-06-09,199.95,200.00,197.50,199.10
2025-06-10,201.80,208.70,201.80,206.80
2025-06-11,209.70,210.80,207.80,210.60
2025-06-12,209.20,210.40,208.30,209.00
2025-06-13,203.80,207.05,202.50,204.15
2025-06-16,203.15,205.30,202.00,205.25
2025-06-17,208.30,208.95,205.25,206.50
2025-06-18,205.65,210.00,205.50,209.50
2025-06-19,207.70,207.75,204.55,205.10
2025-06-20,204.80,205.90,200.85,203.90
2025-06-23,197.45,200.90,196.00,200.50
2025-06-24,207.15,209.70,207.00,209.30
2025-06-25,212.55,213.75,211.15,213.75
2025-06-26,214.05,215.70,212.35,212.70
2025-06-27,214.00,214.20,210.60,212.20
2025-06-30,213.50,214.15,212.45,213.50
2025-07-01,216.35,221.80,216.20,217.55
2025-07-02,215.25,218.35,214.60,217.90
2025-07-03,222.05,224.25,221.70,223.95
2025-07-04,224.50,224.80,218.90,219.20
2025-07-07,217.95,218.50,215.05,216.35
2025-07-08,215.55,216.35,213.15,214.85
2025-07-09,213.70,219.55,213.65,218.90
2025-07-10,218.60,222.75,218.20,221.65
2025-07-11,221.60,224.80,221.00,224.80
2025-07-14,223.25,223.35,220.45,220.75
2025-07-15,221.10,227.55,221.05,226.70
2025-07-16,227.90,232.85,227.85,230.65
2025-07-17,232.90,234.25,230.50,234.25
2025-07-18,240.00,240.35,237.60,238.85
2025-07-21,238.20,239.20,236.65,237.40
2025-07-22,238.35,241.20,232.85,232.95
2025-07-23,235.50,238.10,234.75,236.85
2025-07-24,239.15,239.85,237.90,239.65
2025-07-25,238.70,239.85,237.45,238.20
2025-07-28,240.85,242.25,238.50,240.60
2025-07-29,239.50,240.35,233.70,235.60
2025-07-30,239.70,241.35,237.10,240.10
2025-07-31,240.40,245.70,240.25,245.20
2025-08-01,236.45,241.85,236.15,240.90
2025-08-04,235.50,239.00,233.75,238.85
2025-08-05,243.30,244.75,241.60,244.65
2025-08-06,241.55,242.60,240.90,241.10
2025-08-07,249.65,254.30,249.35,253.20
2025-08-08,253.20,253.85,252.30,252.70
2025-08-11,250.85,258.00,249.85,256.75
2025-08-12,256.40,258.25,255.30,257.30
2025-08-13,259.85,261.85,256.75,260.25
2025-08-14,259.45,260.85,257.65,259.30
2025-08-15,259.15,261.30,257.25,259.95
2025-08-18,257.70,263.00,257.70,262.85
2025-08-19,262.70,262.80,260.05,260.30
2025-08-20,254.65,255.60,245.80,246.65
2025-08-21,248.85,252.35,248.45,251.10
2025-08-22,252.35,252.60,248.10,248.90
2025-08-25,257.10,260.20,255.35,259.10
2025-08-26,256.65,259.60,255.65,258.95
2025-08-27,261.85,264.10,261.05,263.90
2025-08-28,261.05,262.50,258.00,259.40
2025-08-29,262.95,263.45,259.05,259.35
2025-09-01,256.50,258.60,250.50,252.80
2025-09-02,257.60,258.75,251.00,252.80
2025-09-03,251.90,255.30,251.70,253.35
2025-09-04,258.85,261.00,256.15,256.45
2025-09-05,261.00,262.35,259.50,262.05
2025-09-08,266.90,267.90,264.50,265.65
2025-09-09,268.25,271.45,267.60,270.50
2025-09-10,274.50,280.10,274.50,279.60
2025-09-11,283.55,285.10,278.75,279.75
2025-09-12,283.65,284.90,282.75,284.80
2025-09-15,284.25,284.30,281.05,282.75
2025-09-16,285.15,289.25,285.00,288.85
2025-09-17,287.70,288.00,284.60,285.10
2025-09-18,287.85,291.30,285.60,290.75
2025-09-19,292.50,292.60,288.95,290.85
2025-09-22,291.00,295.45,290.00,294.90
2025-09-23,298.90,304.40,297.50,302.45
2025-09-24,304.35,304.40,298.80,302.80
2025-09-25,300.35,303.35,299.15,300.25
2025-09-26,295.25,295.50,285.65,289.65
2025-09-30,294.10,297.65,294.00,296.80
2025-10-01,299.75,305.45,297.20,298.20
2025-10-02,307.60,308.55,305.80,306.70
2025-10-03,306.85,314.00,306.75,314.00
2025-10-07,321.30,328.40,321.15,327.80
2025-10-08,320.00,323.00,318.00,322.85
2025-10-09,329.90,330.00,326.75,327.80
2025-10-13,311.40,318.70,309.00,318.55
2025-10-14,328.90,330.05,314.65,315.65
2025-10-15,317.60,325.90,314.40,325.90
2025-10-16,330.30,337.70,329.00,337.70
2025-10-17,329.35,331.55,327.70,328.05
2025-10-20,332.50,338.10,330.20,337.60
2025-10-21,340.55,343.25,337.80,338.95
2025-10-22,332.70,337.60,331.55,336.90
2025-10-23,328.90,333.55,328.20,332.40
2025-10-27,347.20,348.70,344.40,347.75
2025-10-28,346.35,346.50,342.45,343.05
2025-10-29,349.40,353.45,348.30,352.50
2025-10-30,353.45,356.05,347.00,352.35
2025-10-31,353.50,356.70,352.00,355.10
2025-11-03,352.90,357.00,348.45,350.15
2025-11-04,354.40,356.70,345.70,346.10
2025-11-05,333.35,338.65,328.30,338.30
2025-11-06,341.85,345.55,340.00,344.75
2025-11-07,336.35,337.80,332.80,335.40
2025-11-10,338.70,343.30,335.80,343.00
2025-11-11,346.05,346.85,337.65,337.95
2025-11-12,340.85,343.95,339.00,343.70
2025-11-13,340.00,342.80,337.65,341.80
2025-11-14,328.80,332.45,326.85,327.90
2025-11-17,332.50,334.20,329.60,329.90
2025-11-18,322.25,325.10,313.55,314.90
2025-11-19,313.10,316.50,308.10,310.85
2025-11-20,326.10,329.90,323.00,329.75
2025-11-21,311.05,311.65,303.60,307.15
2025-11-24,310.05,311.05,307.15,308.10
2025-11-25,318.60,319.50,312.25,315.05
2025-11-26,322.05,326.45,322.05,325.50
2025-11-27,330.80,332.55,328.50,331.75
2025-11-28,331.45,337.65,331.10,336.60
2025-12-01,331.95,333.70,327.45,327.45
2025-12-02,333.65,335.95,329.85,330.35
2025-12-03,337.25,338.15,333.85,335.40
2025-12-04,336.65,338.00,333.45,335.90
2025-12-05,336.70,340.65,335.80,340.65
2025-12-08,342.90,348.50,342.35,347.90
2025-12-09,349.00,349.00,346.40,346.50
2025-12-10,348.25,351.60,347.35,350.85
2025-12-11,353.80,353.80,342.50,343.00
2025-12-12,347.80,349.10,345.15,347.85
2025-12-15,335.90,340.90,335.60,339.55
2025-12-16,332.10,333.55,327.10,332.55
2025-12-17,333.05,335.15,329.15,330.80
2025-12-18,327.30,331.00,326.10,328.90
2025-12-19,334.00,338.00,334.00,336.40
2025-12-22,344.90,347.35,342.80,346.60
2025-12-23,348.30,349.55,347.40,348.10
2025-12-24,351.55,351.95,348.25,348.90
2025-12-26,353.70,355.60,351.70,354.75
2025-12-29,355.80,362.50,355.80,361.15
2025-12-30,357.60,361.25,355.60,360.35
2025-12-31,358.35,364.00,358.30,362.90
2026-01-02,365.85,375.45,364.30,375.25
2026-01-05,385.60,400.35,385.60,396.20
2026-01-06,393.50,404.40,393.35,404.30
2026-01-07,403.65,405.55,399.50,401.70
2026-01-08,398.85,405.00,397.65,400.70
2026-01-09,396.80,403.00,388.00,399.65
2026-01-12,406.45,407.90,402.85,406.05
2026-01-13,414.70,415.50,404.80,410.00
2026-01-14,413.70,418.25,412.80,414.00
2026-01-15,410.30,414.40,408.15,414.35
2026-01-16,424.20,428.75,419.00,427.35
2026-01-19,422.45,435.25,421.75,433.90
2026-01-20,424.65,434.20,424.50,434.00
2026-01-21,426.25,432.55,421.30,423.80
2026-01-22,434.50,439.30,432.05,434.45
2026-01-23,439.40,441.80,434.45,441.20
2026-01-26,440.80,444.05,440.50,441.45
2026-01-27,445.00,452.50,443.90,451.10
2026-01-28,457.50,463.95,457.00,463.95
2026-01-29,465.35,465.85,454.40,458.75
2026-01-30,451.00,451.10,440.60,444.95
2026-02-02,434.00,435.95,421.20,427.20
2026-02-03,445.55,448.15,437.50,444.35
2026-02-04,438.40,449.85,438.15,449.05
2026-02-05,437.90,441.45,432.00,433.90
2026-02-06,425.45,433.95,416.40,428.65
2026-02-09,454.55,455.60,451.00,454.00
2026-02-10,462.80,469.80,461.50,469.35
2026-02-11,474.40,488.90,474.40,486.10
2026-02-23,493.85,504.30,486.40,486.70
2026-02-24,494.95,517.00,494.95,514.30
2026-02-25,528.55,542.00,521.00,533.90
2026-02-26,534.95,541.50,529.00,537.85
2026-03-02,516.55,533.75,515.55,526.25
2026-03-03,523.70,528.50,500.45,500.45
2026-03-04,476.75,479.25,454.50,454.50
2026-03-05,487.75,495.45,470.25,478.80
2026-03-06,471.85,484.45,468.00,478.05
2026-03-09,430.00,432.00,416.45,430.20
2026-03-10,464.85,464.90,440.15,449.85
2026-03-11,465.00,489.45,465.00,485.60
2026-03-12,474.80,483.15,466.45,470.00
2026-03-13,456.50,470.80,454.35,464.65
2026-03-16,474.90,475.90,459.15,463.60
2026-03-17,474.80,483.60,474.80,479.70
2026-03-18,494.30,497.20,488.00,496.05
2026-03-19,479.95,483.60,472.10,472.50
2026-03-20,476.75,478.40,464.70,469.35
2026-03-23,445.50,449.50,437.65,442.80
2026-03-24,459.15,460.95,435.50,443.15
2026-03-31,19.67,19.88,19.10,19.26
2026-04-01,20.64,21.00,20.38,21.00
2026-04-02,21.35,21.35,19.96,20.00
2026-04-07,20.59,20.91,20.42,20.65
2026-04-08,22.37,23.00,22.29,22.93
2026-04-09,22.93,22.93,22.66,22.81
2026-04-10,23.41,23.70,23.32,23.70
2026-04-13,23.56,23.82,23.49,23.62
2026-04-14,24.54,24.88,24.31,24.83
2026-04-15,25.54,25.84,25.25,25.33
2026-04-16,25.71,26.00,25.48,25.98
2026-04-17,25.70,25.88,25.50,25.59
2026-04-20,25.89,26.30,25.89,25.99
2026-04-21,26.60,26.95,26.25,26.88
2026-04-22,26.74,27.24,26.74,27.07
2026-04-23,27.75,28.25,25.89,26.60
2026-04-24,27.23,28.44,27.23,28.44
2026-04-27,30.36,30.43,29.55,29.62
2026-04-28,29.45,30.06,29.20,29.27
2026-04-29,28.63,29.16,28.27,28.82
2026-04-30,29.30,29.32,28.50,28.61
2026-05-04,29.77,31.00,29.77,31.00
2026-05-05,30.92,31.12,30.70,31.08
2026-05-06,32.18,32.57,31.08,31.89
2026-05-07,33.30,33.33,32.55,33.06
2026-05-08,32.71,33.05,31.83,32.47
2026-05-11,32.40,32.82,32.27,32.66
2026-05-12,32.95,33.10,31.93,32.52
2026-05-13,31.44,31.93,31.23,31.85
2026-05-14,32.60,32.83,31.73,31.96
2026-05-15,32.99,33.19,31.20,31.26
2026-05-18,30.43,31.04,30.00,30.91
2026-05-19,30.58,30.83,29.91,29.93
2026-05-20,29.87,30.05,29.37,29.51
2026-05-21,30.76,31.58,30.76,31.58
2026-05-22,31.95,32.57,31.67,32.56
2026-05-25,33.86,34.82,33.86,34.56
2026-05-26,35.16,35.20,34.19,34.40
2026-05-27,35.69,36.42,35.15,35.73
2026-05-28,36.30,36.77,33.98,34.47
2026-05-29,36.06,37.00,35.76,36.94
2026-06-01,37.37,38.64,37.17,37.78
2026-06-02,37.95,38.10,36.88,37.91
2026-06-03,39.12,39.39,38.81,39.22
2026-06-04,38.48,38.78,38.16,38.30
2026-06-05,37.43,37.53,35.91,36.67
2026-06-08,32.26,34.80,32.25,33.80
2026-06-09,34.52,35.56,34.12,35.44
2026-06-10,34.55,35.17,33.41,33.43
2026-06-11,33.26,33.73,31.84,33.23
2026-06-12,35.50,35.76,34.58,34.83
2026-06-15,36.77,37.12,36.55,37.07
2026-06-16,37.60,37.60,36.78,37.31
2026-06-17,36.49,37.51,36.33,37.51
2026-06-18,37.98,38.44,37.83,38.33
2026-06-22,39.80,41.32,39.80,41.32
2026-06-23,41.49,41.79,40.20,40.20
2026-06-24,38.73,38.73,37.49,38.08
2026-06-25,38.90,38.90,37.58,38.16
2026-06-26,36.95,37.14,35.10,35.26
2026-06-29,35.62,36.72,35.44,36.28
2026-06-30,37.75,38.63,37.61,38.42
2026-07-01,39.95,40.09,38.91,39.48
2026-07-02,37.83,39.03,37.70,38.88
2026-07-03,37.53,39.05,37.19,38.80
2026-07-06,39.40,39.76,38.38,38.75
2026-07-07,39.00,39.35,37.06,37.19
2026-07-08,37.48,37.49,36.47,37.14
2026-07-09,37.29,37.70,36.59,36.78
2026-07-13,37.57,38.03,36.61,36.86
2026-07-14,36.53,36.70,34.38,35.88
2026-07-15,36.45,37.29,36.16,37.04
2026-07-16,36.46,37.32,35.94,37.19
2026-07-17,34.93,34.95,32.17,32.17
2026-07-20,32.67,33.03,31.68,32.06
2026-07-21,32.87,34.34,32.86,34.34
2026-07-22,35.56,35.80,34.64,34.80
2026-07-23,35.30,35.37,34.38,35.07
2026-07-24,34.00,34.38,33.29,33.50
2026-07-27,33.30,33.59,32.66,33.54
2026-07-28,31.44,31.50,30.52,30.60
2026-07-29,30.62,30.70,27.37,28.53
2026-07-30,28.04,29.81,27.68,28.38
2026-07-31,31.96,33.74,31.92,33.70
2026-08-03,32.87,33.42,32.33,32.62
2026-08-04,31.95,33.12,31.50,32.15
2026-08-05,34.39,34.72,33.66,34.15
2026-08-06,33.69,34.05,33.29,33.85
2026-08-07,34.34,34.38,33.30,33.68
2026-08-10,34.45,35.01,34.33,34.70
2026-08-11,34.51,34.98,34.18,34.87
2026-08-12,35.08,35.49,34.94,35.45
2026-08-13,36.47,36.50,35.99,36.29
2026-08-14,36.59,36.60,35.62,35.69
2026-08-17,35.94,36.28,35.61,35.95
2026-08-18,35.88,35.90,34.81,34.81
