date,open,high,low,close
2015-07-06,4963.80,5020.71,4960.93,4991.94
2015-07-07,4993.76,5001.99,4902.21,4997.46
2015-07-08,4953.98,4965.45,4901.51,4909.76
2015-07-09,4976.15,4982.19,4920.40,4922.40
2015-07-10,4981.24,5008.05,4966.51,4997.70
2015-07-13,5037.27,5074.81,5036.68,5071.51
2015-07-14,5077.12,5116.52,5075.12,5104.89
2015-07-15,5111.11,5125.32,5088.12,5098.94
2015-07-16,5138.18,5163.18,5128.56,5163.18
2015-07-17,5196.11,5210.16,5183.23,5210.14
2015-07-20,5223.18,5231.94,5201.49,5218.86
2015-07-21,5219.20,5229.00,5196.30,5208.12
2015-07-22,5146.03,5184.74,5145.78,5171.77
2015-07-23,5180.33,5197.00,5137.64,5146.41
2015-07-24,5166.91,5167.54,5084.51,5088.63
2015-07-27,5055.92,5072.88,5032.69,5039.78
2015-07-28,5063.44,5097.69,5025.61,5089.21
2015-07-29,5097.86,5117.84,5080.04,5111.73
2015-07-30,5100.30,5135.65,5070.62,5128.78
2015-07-31,5148.18,5155.02,5122.37,5128.28
2015-08-03,5134.34,5143.08,5082.32,5115.38
2015-08-04,5110.96,5125.90,5092.46,5105.55
2015-08-05,5132.77,5175.26,5131.86,5139.94
2015-08-06,5146.63,5149.93,5035.41,5056.44
2015-08-07,5043.97,5055.56,5006.15,5043.54
2015-08-10,5081.72,5112.47,5081.11,5101.80
2015-08-11,5069.16,5089.33,5013.45,5036.79
2015-08-12,4994.52,5055.75,4945.79,5044.39
2015-08-13,5050.94,5071.46,5029.61,5033.56
2015-08-14,5025.92,5051.89,5012.61,5048.24
2015-08-17,5032.34,5092.69,5022.42,5091.70
2015-08-18,5082.17,5085.14,5054.97,5059.35
2015-08-19,5039.03,5060.93,4992.85,5019.05
2015-08-20,4973.49,4986.51,4877.49,4877.49
2015-08-21,4801.04,4856.75,4706.04,4706.04
2015-08-24,4351.61,4694.90,4292.14,4526.25
2015-08-25,4687.27,4689.54,4506.10,4506.49
2015-08-26,4633.51,4703.97,4530.03,4697.54
2015-08-27,4761.05,4818.71,4721.79,4812.71
2015-08-28,4792.11,4836.78,4788.38,4828.32
2015-08-31,4798.68,4824.61,4763.42,4776.51
2015-09-01,4673.61,4722.13,4614.91,4636.10
2015-09-02,4704.42,4749.98,4659.41,4749.98
2015-09-03,4763.10,4800.18,4721.91,4733.50
2015-09-04,4670.35,4712.67,4657.82,4683.92
2015-09-08,4769.72,4815.04,4754.89,4811.93
2015-09-09,4856.27,4862.88,4746.73,4756.53
2015-09-10,4749.96,4826.33,4746.52,4796.25
2015-09-11,4770.73,4822.34,4763.15,4822.34
2015-09-14,4831.98,4832.00,4791.08,4805.76
2015-09-15,4819.32,4872.35,4802.09,4860.52
2015-09-16,4860.43,4893.44,4848.15,4889.24
2015-09-17,4884.11,4960.87,4880.50,4893.95
2015-09-18,4828.71,4878.71,4819.09,4827.23
2015-09-21,4851.98,4881.46,4795.91,4828.95
2015-09-22,4762.29,4776.28,4716.91,4756.72
2015-09-23,4764.69,4780.64,4735.13,4752.74
2015-09-24,4717.89,4746.21,4670.12,4734.48
2015-09-25,4782.41,4785.22,4659.48,4686.50
2015-09-28,4665.06,4665.21,4529.41,4543.97
2015-09-29,4551.04,4596.06,4487.06,4517.32
2015-09-30,4574.38,4620.16,4559.18,4620.16
2015-10-01,4624.46,4628.23,4559.21,4627.08
2015-10-02,4566.13,4707.78,4552.34,4707.78
2015-10-05,4742.13,4785.91,4740.24,4781.26
2015-10-06,4767.63,4783.37,4711.79,4748.36
2015-10-07,4775.05,4791.15,4728.71,4791.15
2015-10-08,4775.06,4819.07,4737.93,4810.79
2015-10-09,4817.28,4841.38,4804.59,4830.47
2015-10-12,4839.79,4846.74,4818.17,4838.64
2015-10-13,4809.24,4858.28,4793.92,4796.61
2015-10-14,4801.35,4820.09,4771.62,4782.85
2015-10-15,4799.43,4870.10,4795.29,4870.10
2015-10-16,4872.36,4886.95,4851.28,4886.69
2015-10-19,4873.54,4915.49,4865.83,4905.47
2015-10-20,4900.02,4909.37,4866.60,4880.97
2015-10-21,4903.98,4904.85,4836.46,4840.12
2015-10-22,4875.96,4926.99,4861.80,4920.05
2015-10-23,5024.38,5048.55,4999.54,5031.86
2015-10-26,5030.80,5045.16,5012.74,5034.70
2015-10-27,5018.99,5040.08,5009.07,5030.15
2015-10-28,5040.38,5095.69,5019.60,5095.69
2015-10-29,5071.04,5084.63,5066.89,5074.27
2015-10-30,5079.76,5085.22,5053.75,5053.75
2015-11-02,5065.64,5130.51,5061.47,5127.15
2015-11-03,5114.31,5163.47,5109.68,5145.13
2015-11-04,5155.62,5162.57,5122.78,5142.48
2015-11-05,5144.15,5154.86,5098.49,5127.74
2015-11-06,5124.04,5147.12,5092.87,5147.12
2015-11-09,5128.94,5133.44,5066.10,5095.30
2015-11-10,5068.55,5086.88,5051.22,5083.24
2015-11-11,5098.13,5111.19,5066.68,5067.02
2015-11-12,5043.10,5062.49,5004.46,5005.08
2015-11-13,4980.86,4989.06,4925.35,4927.88
2015-11-16,4916.14,4984.91,4908.66,4984.62
2015-11-17,4991.71,5023.45,4975.74,4986.02
2015-11-18,5004.60,5078.80,5001.67,5075.20
2015-11-19,5078.67,5092.46,5067.27,5073.64
2015-11-20,5096.96,5112.46,5094.32,5104.92
2015-11-23,5106.72,5128.08,5084.85,5102.48
2015-11-24,5070.66,5110.75,5050.14,5102.81
2015-11-25,5106.87,5124.09,5101.18,5116.14
2015-11-27,5121.93,5134.35,5108.51,5127.52
2015-11-30,5139.58,5141.36,5098.70,5108.67
2015-12-01,5129.64,5156.31,5120.17,5156.31
2015-12-02,5158.82,5176.77,5117.15,5123.22
2015-12-03,5143.16,5144.60,5011.72,5037.53
2015-12-04,5050.93,5147.00,5043.49,5142.27
2015-12-07,5139.46,5139.78,5082.23,5101.81
2015-12-08,5050.52,5111.73,5045.73,5098.24
2015-12-09,5077.21,5106.37,5000.12,5022.87
2015-12-10,5026.30,5075.65,5019.31,5045.17
2015-12-11,4979.77,4996.19,4928.67,4933.47
2015-12-14,4932.61,4953.60,4871.59,4952.23
2015-12-15,4991.21,5026.54,4986.99,4995.36
2015-12-16,5033.48,5078.99,4992.63,5071.13
2015-12-17,5087.17,5088.58,5002.55,5002.55
2015-12-18,4982.58,4996.49,4921.33,4923.08
2015-12-21,4957.53,4968.92,4928.93,4968.92
2015-12-22,4988.68,5007.77,4964.08,5001.11
2015-12-23,5025.55,5046.09,5020.44,5045.93
2015-12-24,5046.19,5063.28,5043.65,5048.49
2015-12-28,5032.29,5041.27,4999.07,5040.99
2015-12-29,5066.52,5116.99,5065.89,5107.94
2015-12-30,5101.18,5102.35,5065.68,5065.85
2015-12-31,5047.04,5058.06,5007.01,5007.41
2016-01-04,4897.65,4903.09,4846.98,4903.09
2016-01-05,4917.84,4926.73,4872.74,4891.43
2016-01-06,4813.76,4866.04,4804.69,4835.76
2016-01-07,4736.40,4788.02,4688.17,4689.43
2016-01-08,4722.02,4742.57,4637.85,4643.63
2016-01-11,4673.44,4683.02,4573.78,4637.99
2016-01-12,4681.54,4714.80,4618.03,4685.92
2016-01-13,4706.02,4713.98,4517.56,4526.06
2016-01-14,4545.37,4650.55,4470.59,4615.00
2016-01-15,4464.37,4520.45,4419.41,4488.42
2016-01-19,4548.05,4550.57,4430.77,4476.95
2016-01-20,4405.22,4514.92,4313.39,4471.69
2016-01-21,4480.70,4537.15,4432.02,4472.06
2016-01-22,4557.39,4591.18,4540.27,4591.18
2016-01-25,4574.59,4590.44,4514.78,4518.49
2016-01-26,4537.04,4583.21,4503.53,4567.67
2016-01-27,4548.87,4568.85,4450.83,4468.17
2016-01-28,4533.81,4533.81,4447.50,4506.68
2016-01-29,4512.09,4613.95,4511.30,4613.95
2016-02-01,4587.59,4636.93,4565.37,4620.37
2016-02-02,4588.69,4589.90,4503.12,4516.95
2016-02-03,4543.82,4547.32,4424.47,4504.24
2016-02-04,4492.48,4545.52,4463.99,4509.56
2016-02-05,4491.48,4493.19,4350.37,4363.14
2016-02-08,4288.02,4301.53,4212.81,4283.75
2016-02-09,4224.87,4329.61,4222.48,4268.76
2016-02-10,4318.28,4369.62,4280.73,4283.59
2016-02-11,4218.81,4293.22,4209.76,4266.84
2016-02-12,4307.29,4340.13,4274.15,4337.51
2016-02-16,4397.95,4435.96,4376.52,4435.96
2016-02-17,4471.66,4540.78,4463.51,4534.06
2016-02-18,4548.10,4548.47,4482.77,4487.54
2016-02-19,4464.67,4513.15,4455.10,4504.43
2016-02-22,4548.31,4576.47,4546.55,4570.61
2016-02-23,4550.05,4558.06,4500.94,4503.58
2016-02-24,4453.93,4547.64,4425.72,4542.61
2016-02-25,4554.73,4582.20,4516.89,4582.20
2016-02-26,4615.14,4618.85,4580.78,4590.47
2016-02-29,4585.30,4619.90,4557.46,4557.95
2016-03-01,4596.01,4689.60,4581.75,4689.60
2016-03-02,4683.80,4703.58,4665.93,4703.42
2016-03-03,4698.38,4707.72,4674.46,4707.42
2016-03-04,4715.76,4746.65,4687.94,4717.02
2016-03-07,4690.88,4731.19,4674.82,4708.25
2016-03-08,4676.22,4695.04,4642.86,4648.82
2016-03-09,4666.42,4676.47,4642.42,4674.38
2016-03-10,4691.20,4716.14,4607.99,4662.16
2016-03-11,4712.38,4748.79,4700.91,4748.47
2016-03-14,4733.39,4762.27,4731.51,4750.28
2016-03-15,4731.14,4735.27,4712.07,4728.67
2016-03-16,4717.88,4774.78,4716.45,4763.97
2016-03-17,4752.62,4788.09,4737.97,4774.99
2016-03-18,4784.63,4804.58,4772.41,4795.65
2016-03-21,4787.31,4814.85,4785.38,4808.87
2016-03-22,4783.60,4835.60,4781.71,4821.66
2016-03-23,4813.87,4816.67,4765.37,4768.86
2016-03-24,4743.36,4773.50,4734.77,4773.50
2016-03-28,4785.25,4787.39,4760.01,4766.79
2016-03-29,4756.55,4849.31,4749.78,4846.62
2016-03-30,4875.46,4899.14,4859.35,4869.29
2016-03-31,4869.57,4891.30,4864.41,4869.85
2016-04-01,4842.55,4917.09,4832.06,4914.54
2016-04-04,4911.21,4917.75,4885.17,4891.80
2016-04-05,4855.90,4872.70,4838.62,4843.93
2016-04-06,4849.58,4921.51,4849.28,4920.72
2016-04-07,4893.57,4901.49,4831.49,4848.37
2016-04-08,4883.99,4892.60,4835.36,4850.69
2016-04-11,4873.39,4897.55,4833.40,4833.40
2016-04-12,4838.82,4879.60,4808.91,4872.09
2016-04-13,4904.79,4951.91,4903.60,4947.42
2016-04-14,4947.62,4961.30,4931.81,4945.89
2016-04-15,4938.83,4950.43,4925.46,4938.22
2016-04-18,4919.36,4960.79,4915.63,4960.02
2016-04-19,4968.30,4968.67,4915.52,4940.33
2016-04-20,4941.99,4969.32,4928.29,4948.13
2016-04-21,4949.12,4966.61,4932.64,4945.89
2016-04-22,4898.24,4921.66,4872.02,4906.23
2016-04-25,4891.48,4904.87,4878.37,4895.79
2016-04-26,4903.81,4915.00,4875.42,4888.28
2016-04-27,4855.38,4872.91,4826.38,4863.14
2016-04-28,4857.60,4889.16,4796.32,4805.29
2016-04-29,4805.79,4807.89,4740.84,4775.36
2016-05-02,4786.55,4821.57,4768.28,4817.59
2016-05-03,4780.88,4791.43,4749.71,4763.22
2016-05-04,4735.28,4751.64,4713.91,4725.64
2016-05-05,4742.42,4744.55,4709.75,4717.09
2016-05-06,4695.90,4736.16,4684.28,4736.16
2016-05-09,4736.35,4771.94,4735.06,4750.21
2016-05-10,4768.91,4811.30,4758.20,4809.88
2016-05-11,4799.30,4812.19,4760.36,4760.69
2016-05-12,4778.19,4779.46,4710.17,4737.33
2016-05-13,4731.07,4759.29,4708.26,4717.68
2016-05-16,4728.86,4791.25,4724.73,4775.46
2016-05-17,4768.85,4776.15,4703.39,4715.73
2016-05-18,4705.78,4762.28,4704.49,4739.12
2016-05-19,4717.36,4735.27,4678.38,4712.53
2016-05-20,4729.44,4781.70,4729.00,4769.56
2016-05-23,4771.57,4792.64,4763.91,4765.78
2016-05-24,4792.85,4865.99,4792.63,4861.06
2016-05-25,4877.18,4905.45,4872.42,4894.89
2016-05-26,4897.78,4909.38,4887.27,4901.77
2016-05-27,4904.05,4933.50,4902.50,4933.50
2016-05-31,4938.48,4951.45,4923.03,4948.05
2016-06-01,4928.97,4958.98,4923.20,4952.25
2016-06-02,4941.25,4971.36,4924.23,4971.36
2016-06-03,4958.10,4958.65,4909.21,4942.52
2016-06-06,4950.46,4980.14,4944.87,4968.71
2016-06-07,4972.13,4979.38,4960.28,4961.75
2016-06-08,4970.01,4979.66,4956.79,4974.64
2016-06-09,4954.15,4965.49,4940.55,4958.62
2016-06-10,4915.15,4917.92,4880.61,4894.55
2016-06-13,4868.51,4894.85,4844.94,4848.44
2016-06-14,4836.67,4863.01,4811.93,4843.55
2016-06-15,4855.08,4868.16,4830.33,4834.93
2016-06-16,4809.69,4847.86,4778.78,4844.92
2016-06-17,4835.02,4835.02,4792.34,4800.34
2016-06-20,4856.69,4882.15,4834.51,4837.21
2016-06-21,4845.08,4852.19,4826.59,4843.76
2016-06-22,4846.68,4875.93,4830.00,4833.32
2016-06-23,4872.19,4910.04,4859.40,4910.04
2016-06-24,4715.79,4798.22,4698.42,4707.98
2016-06-27,4664.43,4665.04,4574.25,4594.44
2016-06-28,4643.93,4692.98,4643.93,4691.87
2016-06-29,4732.93,4787.59,4732.34,4779.25
2016-06-30,4793.75,4843.11,4774.52,4842.67
2016-07-01,4837.18,4880.17,4837.17,4862.57
2016-07-05,4837.06,4839.13,4797.29,4822.90
2016-07-06,4799.32,4861.05,4786.01,4859.16
2016-07-07,4867.47,4889.01,4853.68,4876.81
2016-07-08,4906.66,4959.00,4901.27,4956.76
2016-07-11,4976.54,5002.50,4976.54,4988.64
2016-07-12,5017.99,5032.10,5009.68,5022.82
2016-07-13,5036.32,5036.38,5002.82,5005.73
2016-07-14,5041.95,5045.18,5025.15,5034.06
2016-07-15,5041.19,5044.81,5018.52,5029.59
2016-07-18,5034.99,5063.53,5030.13,5055.78
2016-07-19,5038.22,5052.24,5028.24,5036.37
2016-07-20,5061.60,5098.25,5053.92,5089.93
2016-07-21,5093.97,5102.78,5061.11,5073.90
2016-07-22,5078.12,5103.52,5064.11,5100.16
2016-07-25,5096.99,5100.72,5082.66,5097.63
2016-07-26,5095.61,5122.30,5084.18,5110.05
2016-07-27,5143.84,5151.06,5120.66,5139.81
2016-07-28,5144.82,5160.16,5130.75,5154.98
2016-07-29,5162.15,5175.81,5140.05,5162.13
2016-08-01,5167.42,5199.13,5158.93,5184.20
2016-08-02,5177.53,5181.02,5109.80,5137.73
2016-08-03,5133.24,5159.74,5128.44,5159.74
2016-08-04,5158.02,5174.00,5145.39,5166.25
2016-08-05,5190.71,5227.23,5186.25,5221.12
2016-08-08,5223.54,5228.40,5202.18,5213.14
2016-08-09,5216.21,5238.54,5214.95,5225.48
2016-08-10,5227.95,5227.96,5193.80,5204.58
2016-08-11,5222.15,5235.29,5211.25,5228.40
2016-08-12,5219.66,5233.34,5215.55,5232.89
2016-08-15,5242.18,5271.36,5241.14,5262.02
2016-08-16,5247.96,5248.26,5226.78,5227.11
2016-08-17,5228.44,5230.09,5197.23,5228.66
2016-08-18,5226.45,5243.17,5221.84,5240.15
2016-08-19,5229.87,5245.81,5217.65,5238.38
2016-08-22,5231.46,5252.13,5224.63,5244.60
2016-08-23,5265.78,5275.74,5257.90,5260.08
2016-08-24,5254.42,5262.99,5205.64,5217.69
2016-08-25,5207.61,5230.59,5201.64,5212.20
2016-08-26,5219.05,5253.39,5191.86,5218.92
2016-08-29,5223.80,5245.12,5222.34,5232.33
2016-08-30,5229.88,5241.62,5205.61,5222.99
2016-08-31,5216.42,5219.89,5191.18,5213.22
2016-09-01,5218.28,5229.94,5189.36,5227.21
2016-09-02,5249.66,5263.39,5231.02,5249.90
2016-09-06,5260.00,5275.91,5244.00,5275.91
2016-09-07,5274.23,5287.61,5261.92,5283.93
2016-09-08,5269.96,5271.01,5248.41,5259.48
2016-09-09,5217.95,5225.93,5125.91,5125.91
2016-09-12,5098.03,5217.88,5097.80,5211.89
2016-09-13,5181.14,5195.03,5131.27,5155.25
2016-09-14,5160.21,5201.34,5159.55,5173.77
2016-09-15,5178.10,5254.78,5176.25,5249.69
2016-09-16,5238.71,5248.60,5218.97,5244.57
2016-09-19,5263.55,5281.07,5222.91,5235.03
2016-09-20,5256.19,5265.18,5235.42,5241.35
2016-09-21,5263.65,5299.40,5233.94,5295.18
2016-09-22,5323.26,5342.88,5320.93,5339.52
2016-09-23,5327.43,5329.71,5301.63,5305.75
2016-09-26,5275.73,5282.27,5254.96,5257.49
2016-09-27,5254.18,5306.81,5251.32,5305.71
2016-09-28,5312.73,5320.62,5284.84,5318.55
2016-09-29,5311.31,5317.00,5254.52,5269.15
2016-09-30,5288.87,5325.88,5277.88,5312.00
2016-10-03,5300.29,5308.60,5281.95,5300.87
2016-10-04,5313.49,5323.60,5271.70,5289.66
2016-10-05,5305.28,5330.81,5304.06,5316.02
2016-10-06,5306.59,5315.73,5281.47,5306.85
2016-10-07,5314.92,5315.65,5266.80,5292.40
2016-10-10,5318.46,5340.52,5317.73,5328.67
2016-10-11,5321.82,5321.82,5227.43,5246.79
2016-10-12,5247.91,5257.18,5228.77,5239.02
2016-10-13,5200.30,5228.26,5169.76,5213.33
2016-10-14,5241.26,5258.88,5213.37,5214.16
2016-10-17,5213.69,5219.98,5196.03,5199.82
2016-10-18,5255.32,5264.27,5239.44,5243.84
2016-10-19,5240.33,5253.83,5234.25,5246.41
2016-10-20,5238.20,5252.10,5216.05,5241.83
2016-10-21,5238.65,5259.13,5225.76,5257.40
2016-10-24,5290.31,5311.50,5289.23,5309.83
2016-10-25,5306.47,5310.27,5278.57,5283.40
2016-10-26,5256.40,5280.85,5237.05,5250.27
2016-10-27,5272.19,5274.12,5211.75,5215.97
2016-10-28,5203.70,5232.35,5178.76,5190.10
2016-10-31,5205.09,5206.71,5186.56,5189.14
2016-11-01,5199.77,5201.13,5112.32,5153.58
2016-11-02,5147.28,5156.70,5097.56,5105.57
2016-11-03,5104.70,5115.06,5053.52,5058.41
2016-11-04,5034.41,5087.51,5034.41,5046.37
2016-11-07,5128.99,5169.41,5122.77,5166.17
2016-11-08,5154.99,5214.17,5145.30,5193.49
2016-11-09,5143.86,5258.99,5143.86,5251.07
2016-11-10,5283.48,5302.68,5145.32,5208.80
2016-11-11,5191.82,5241.08,5179.64,5237.11
2016-11-14,5246.33,5247.17,5192.05,5218.40
2016-11-15,5241.35,5287.06,5236.25,5275.62
2016-11-16,5253.74,5299.63,5251.88,5294.58
2016-11-17,5295.07,5334.05,5288.16,5333.97
2016-11-18,5340.97,5346.80,5315.53,5321.51
2016-11-21,5336.78,5369.83,5334.16,5368.86
2016-11-22,5384.75,5392.26,5365.60,5386.35
2016-11-23,5366.55,5380.68,5350.68,5380.68
2016-11-25,5388.49,5398.92,5379.28,5398.92
2016-11-28,5387.92,5396.27,5364.91,5368.81
2016-11-29,5370.98,5403.86,5360.56,5379.92
2016-11-30,5391.35,5393.15,5323.68,5323.68
2016-12-01,5323.88,5326.34,5238.21,5251.11
2016-12-02,5249.02,5274.54,5239.27,5255.65
2016-12-05,5283.58,5321.09,5269.57,5308.89
2016-12-06,5317.74,5333.99,5299.94,5333.00
2016-12-07,5322.67,5397.93,5307.31,5393.76
2016-12-08,5394.15,5425.52,5389.10,5417.36
2016-12-09,5436.11,5450.16,5427.12,5444.50
2016-12-12,5428.22,5434.90,5394.42,5412.54
2016-12-13,5433.57,5486.75,5430.72,5463.83
2016-12-14,5465.69,5476.25,5425.73,5436.67
2016-12-15,5443.51,5485.12,5439.39,5456.85
2016-12-16,5467.82,5474.58,5426.01,5437.16
2016-12-19,5441.20,5483.42,5436.54,5457.44
2016-12-20,5473.53,5489.47,5471.71,5483.94
2016-12-21,5482.63,5486.26,5465.31,5471.43
2016-12-22,5472.01,5472.01,5432.77,5447.42
2016-12-23,5441.76,5462.69,5441.76,5462.69
2016-12-27,5470.76,5512.37,5469.61,5487.44
2016-12-28,5497.44,5498.91,5434.70,5438.56
2016-12-29,5437.51,5450.63,5415.18,5432.09
2016-12-30,5440.17,5441.90,5371.89,5383.12
2017-01-03,5425.62,5452.57,5397.99,5429.08
2017-01-04,5440.91,5482.35,5440.24,5477.00
2017-01-05,5474.39,5495.85,5464.36,5487.94
2017-01-06,5499.08,5536.52,5482.81,5521.06
2017-01-09,5527.58,5541.08,5517.14,5531.82
2017-01-10,5536.54,5564.25,5528.11,5551.82
2017-01-11,5550.72,5564.08,5524.03,5563.65
2017-01-12,5542.56,5550.67,5496.82,5547.49
2017-01-13,5557.57,5584.26,5557.20,5574.12
2017-01-17,5555.16,5557.05,5527.22,5538.73
2017-01-18,5546.94,5555.98,5534.77,5555.65
2017-01-19,5560.61,5571.53,5528.37,5540.08
2017-01-20,5556.87,5574.35,5542.23,5555.33
2017-01-23,5546.64,5564.14,5522.69,5552.94
2017-01-24,5568.27,5606.53,5558.49,5600.96
2017-01-25,5635.86,5658.59,5634.33,5656.34
2017-01-26,5666.28,5669.61,5647.65,5655.18
2017-01-27,5664.88,5667.45,5643.90,5660.78
2017-01-30,5635.86,5636.09,5578.76,5613.71
2017-01-31,5592.87,5615.15,5576.09,5614.79
2017-02-01,5654.51,5662.11,5621.03,5642.65
2017-02-02,5627.15,5656.01,5616.40,5636.20
2017-02-03,5650.73,5666.84,5647.58,5666.77
2017-02-06,5656.95,5668.20,5650.26,5663.55
2017-02-07,5674.86,5689.60,5664.82,5674.22
2017-02-08,5662.95,5686.96,5649.39,5682.45
2017-02-09,5688.02,5722.71,5685.15,5715.18
2017-02-10,5726.17,5743.43,5717.42,5734.13
2017-02-13,5753.19,5770.99,5751.92,5763.96
2017-02-14,5756.51,5783.09,5748.74,5782.57
2017-02-15,5777.90,5821.95,5776.70,5819.44
2017-02-16,5823.01,5835.15,5796.71,5814.90
2017-02-17,5807.31,5838.58,5800.80,5838.58
2017-02-21,5850.20,5867.89,5847.50,5865.95
2017-02-22,5857.56,5864.42,5848.28,5860.63
2017-02-23,5866.82,5866.96,5809.55,5835.51
2017-02-24,5802.33,5845.31,5800.55,5845.31
2017-02-27,5835.04,5861.90,5827.00,5861.90
2017-02-28,5852.79,5855.07,5817.22,5825.44
2017-03-01,5874.86,5911.79,5865.79,5904.03
2017-03-02,5897.01,5897.01,5856.30,5861.22
2017-03-03,5854.27,5870.75,5841.47,5870.75
2017-03-06,5846.42,5857.74,5827.46,5849.18
2017-03-07,5836.12,5859.77,5826.32,5833.93
2017-03-08,5838.44,5860.63,5832.63,5837.55
2017-03-09,5834.67,5852.54,5812.08,5838.81
2017-03-10,5867.16,5872.60,5835.44,5861.73
2017-03-13,5863.48,5877.43,5860.83,5875.78
2017-03-14,5860.07,5860.50,5831.88,5856.82
2017-03-15,5869.98,5911.20,5858.16,5900.05
2017-03-16,5907.86,5911.48,5887.24,5900.76
2017-03-17,5898.58,5912.61,5890.42,5901.00
2017-03-20,5898.81,5915.12,5888.12,5901.53
2017-03-21,5923.42,5928.06,5790.73,5793.83
2017-03-22,5790.59,5825.67,5781.80,5821.64
2017-03-23,5812.31,5842.82,5806.98,5817.69
2017-03-24,5839.33,5858.95,5807.83,5828.74
2017-03-27,5776.33,5849.20,5769.39,5840.37
2017-03-28,5836.50,5888.70,5828.86,5875.14
2017-03-29,5875.35,5900.87,5870.93,5897.55
2017-03-30,5896.15,5916.77,5894.00,5914.34
2017-03-31,5905.63,5927.81,5901.77,5911.74
2017-04-03,5917.32,5928.93,5867.73,5894.68
2017-04-04,5878.76,5901.39,5878.76,5898.61
2017-04-05,5911.92,5936.39,5856.26,5864.48
2017-04-06,5870.52,5889.58,5856.22,5878.95
2017-04-07,5873.94,5892.07,5855.51,5877.81
2017-04-10,5883.43,5907.85,5865.56,5880.93
2017-04-11,5871.16,5878.94,5819.29,5866.77
2017-04-12,5863.59,5868.09,5830.44,5836.16
2017-04-13,5828.37,5856.54,5805.15,5805.15
2017-04-17,5821.55,5856.79,5818.20,5856.79
2017-04-18,5838.59,5860.04,5828.57,5849.47
2017-04-19,5874.43,5894.68,5856.34,5863.03
2017-04-20,5887.87,5926.23,5880.20,5916.78
2017-04-21,5919.02,5919.23,5899.43,5910.52
2017-04-24,5979.96,5989.92,5970.25,5983.82
2017-04-25,6004.16,6036.02,6002.65,6025.49
2017-04-26,6028.12,6040.89,6021.72,6025.23
2017-04-27,6038.47,6050.70,6031.59,6048.94
2017-04-28,6072.87,6074.04,6040.71,6047.61
2017-05-01,6067.56,6100.73,6061.35,6091.60
2017-05-02,6102.51,6102.72,6081.56,6095.37
2017-05-03,6075.04,6076.96,6053.28,6072.55
2017-05-04,6075.06,6080.82,6054.33,6075.34
2017-05-05,6091.69,6100.76,6067.16,6100.76
2017-05-08,6100.66,6106.12,6083.06,6102.66
2017-05-09,6111.82,6133.00,6107.59,6120.59
2017-05-10,6121.64,6131.64,6103.87,6129.14
2017-05-11,6110.05,6120.20,6075.68,6115.96
2017-05-12,6119.27,6122.84,6105.42,6121.23
2017-05-15,6128.11,6153.04,6124.79,6149.67
2017-05-16,6160.52,6170.16,6139.10,6169.87
2017-05-17,6108.62,6122.87,6009.48,6011.24
2017-05-18,5998.46,6073.45,5996.81,6055.13
2017-05-19,6070.23,6106.55,6070.23,6083.70
2017-05-22,6098.25,6135.92,6097.24,6133.62
2017-05-23,6149.55,6150.91,6121.79,6138.71
2017-05-24,6154.18,6166.09,6139.33,6163.02
2017-05-25,6183.02,6217.34,6174.52,6205.26
2017-05-26,6207.04,6211.52,6196.66,6210.19
2017-05-30,6204.18,6217.13,6200.41,6203.19
2017-05-31,6221.63,6221.99,6164.07,6198.52
2017-06-01,6215.91,6247.07,6200.45,6246.83
2017-06-02,6261.59,6308.76,6253.77,6305.80
2017-06-05,6305.47,6310.62,6292.15,6295.68
2017-06-06,6281.88,6304.21,6269.87,6275.06
2017-06-07,6290.44,6302.78,6267.18,6297.38
2017-06-08,6311.73,6324.06,6282.93,6321.76
2017-06-09,6330.25,6341.70,6137.68,6207.92
2017-06-12,6153.56,6183.81,6110.67,6175.46
2017-06-13,6206.12,6226.41,6180.04,6220.37
2017-06-14,6237.46,6237.53,6153.55,6194.89
2017-06-15,6127.05,6170.15,6107.85,6165.50
2017-06-16,6154.28,6161.56,6125.50,6151.76
2017-06-19,6196.85,6243.31,6194.00,6239.01
2017-06-20,6229.62,6234.01,6186.94,6188.03
2017-06-21,6202.75,6236.66,6200.86,6233.95
2017-06-22,6239.15,6257.68,6221.96,6236.69
2017-06-23,6234.35,6269.37,6218.78,6265.25
2017-06-26,6292.73,6303.45,6233.43,6247.15
2017-06-27,6227.90,6234.32,6146.62,6146.62
2017-06-28,6173.10,6238.29,6144.80,6234.41
2017-06-29,6215.49,6216.60,6087.81,6144.35
2017-06-30,6166.84,6170.63,6129.04,6140.42
2017-07-03,6173.29,6177.36,6106.12,6110.06
2017-07-05,6122.06,6163.62,6100.42,6150.86
2017-07-06,6109.60,6127.98,6081.96,6089.46
2017-07-07,6111.21,6164.94,6111.21,6153.08
2017-07-10,6156.03,6191.27,6141.83,6176.39
2017-07-11,6171.25,6200.58,6149.87,6193.30
2017-07-12,6238.90,6265.64,6236.82,6261.17
2017-07-13,6269.10,6281.45,6251.26,6274.44
2017-07-14,6289.08,6321.76,6278.70,6312.47
2017-07-17,6320.35,6330.97,6307.34,6314.43
2017-07-18,6304.82,6344.55,6291.07,6344.31
2017-07-19,6363.24,6387.73,6362.19,6385.04
2017-07-20,6396.46,6398.26,6365.68,6390.00
2017-07-21,6383.05,6388.78,6365.12,6387.75
2017-07-24,6387.82,6417.70,6380.61,6410.81
2017-07-25,6407.59,6425.45,6396.87,6412.17
2017-07-26,6425.93,6432.38,6416.30,6422.75
2017-07-27,6459.76,6460.84,6318.62,6382.19
2017-07-28,6350.27,6379.70,6337.22,6374.68
2017-07-31,6394.69,6396.59,6338.79,6348.12
2017-08-01,6372.16,6375.75,6345.75,6362.94
2017-08-02,6393.10,6394.21,6313.43,6362.65
2017-08-03,6366.24,6368.53,6331.14,6340.34
2017-08-04,6350.79,6361.49,6329.73,6351.56
2017-08-07,6361.06,6386.03,6356.23,6383.77
2017-08-08,6373.33,6423.35,6355.88,6370.46
2017-08-09,6322.92,6355.04,6309.44,6352.33
2017-08-10,6312.65,6318.28,6214.41,6216.87
2017-08-11,6222.18,6266.89,6216.19,6256.56
2017-08-14,6306.11,6346.83,6305.55,6340.23
2017-08-15,6350.51,6350.74,6324.75,6333.01
2017-08-16,6348.11,6374.56,6330.27,6345.11
2017-08-17,6322.72,6334.23,6221.91,6221.91
2017-08-18,6222.46,6254.22,6193.38,6216.53
2017-08-21,6216.32,6226.93,6177.19,6213.13
2017-08-22,6241.21,6302.84,6241.21,6297.48
2017-08-23,6263.47,6291.30,6263.29,6278.41
2017-08-24,6294.82,6302.85,6244.57,6271.33
2017-08-25,6293.81,6308.72,6257.10,6265.64
2017-08-28,6286.01,6292.26,6267.85,6283.02
2017-08-29,6228.90,6311.26,6228.73,6301.89
2017-08-30,6308.68,6374.47,6303.57,6368.31
2017-08-31,6385.80,6435.27,6383.58,6428.66
2017-09-01,6442.17,6449.65,6417.87,6435.33
2017-09-05,6414.82,6426.51,6334.59,6375.57
2017-09-06,6394.35,6407.40,6356.20,6393.31
2017-09-07,6402.94,6413.07,6379.81,6397.87
2017-09-08,6389.65,6391.41,6354.96,6360.19
2017-09-11,6411.18,6439.11,6410.71,6432.26
2017-09-12,6448.81,6455.03,6429.54,6454.28
2017-09-13,6440.72,6460.42,6433.20,6460.19
2017-09-14,6439.46,6455.32,6424.04,6429.08
2017-09-15,6426.16,6464.27,6419.65,6448.47
2017-09-18,6460.10,6477.77,6438.41,6454.64
2017-09-19,6465.57,6467.79,6446.75,6461.32
2017-09-20,6459.74,6466.05,6414.23,6456.04
2017-09-21,6448.57,6448.57,6405.30,6422.69
2017-09-22,6401.44,6429.54,6400.81,6426.92
2017-09-25,6403.11,6408.05,6343.96,6370.59
2017-09-26,6391.85,6405.00,6364.57,6380.16
2017-09-27,6414.37,6472.65,6405.36,6453.26
2017-09-28,6437.96,6456.23,6427.66,6453.45
2017-09-29,6461.28,6497.98,6454.86,6495.96
2017-10-02,6506.08,6527.22,6484.14,6516.72
2017-10-03,6523.74,6532.18,6509.71,6531.71
2017-10-04,6521.96,6546.46,6513.12,6534.63
2017-10-05,6552.87,6587.21,6547.65,6585.36
2017-10-06,6566.95,6590.18,6566.84,6590.18
2017-10-09,6597.37,6599.34,6572.44,6579.73
2017-10-10,6602.49,6608.30,6561.78,6587.25
2017-10-11,6586.73,6604.21,6577.99,6603.55
2017-10-12,6594.76,6613.50,6586.32,6591.51
2017-10-13,6613.21,6616.58,6602.20,6605.80
2017-10-16,6622.55,6632.50,6607.03,6624.00
2017-10-17,6621.42,6628.60,6613.21,6623.66
2017-10-18,6634.26,6635.52,6613.55,6624.22
2017-10-19,6583.70,6605.29,6558.53,6605.07
2017-10-20,6633.37,6640.03,6622.92,6629.05
2017-10-23,6641.57,6641.57,6581.15,6586.83
2017-10-24,6598.61,6611.90,6582.06,6598.43
2017-10-25,6587.22,6600.64,6517.93,6563.89
2017-10-26,6567.59,6582.76,6550.03,6556.77
2017-10-27,6635.03,6708.13,6625.78,6701.26
2017-10-30,6693.77,6727.39,6677.15,6698.96
2017-10-31,6713.71,6737.75,6705.79,6727.67
2017-11-01,6758.64,6759.66,6691.48,6716.53
2017-11-02,6709.39,6719.97,6677.55,6714.94
2017-11-03,6737.09,6765.14,6712.93,6764.44
2017-11-06,6763.30,6790.67,6763.17,6786.44
2017-11-07,6785.44,6795.52,6750.35,6767.78
2017-11-08,6764.85,6791.65,6753.34,6789.12
2017-11-09,6737.45,6758.93,6687.28,6750.05
2017-11-10,6736.39,6757.34,6727.35,6750.94
2017-11-13,6727.39,6766.30,6723.43,6757.60
2017-11-14,6733.87,6743.63,6709.27,6737.87
2017-11-15,6700.68,6725.32,6667.31,6706.21
2017-11-16,6742.34,6806.67,6742.34,6793.29
2017-11-17,6794.45,6797.75,6777.43,6782.79
2017-11-20,6789.28,6795.83,6779.49,6790.71
2017-11-21,6820.55,6862.66,6820.02,6862.48
2017-11-22,6869.53,6874.52,6859.28,6867.36
2017-11-24,6878.11,6890.02,6873.74,6889.16
2017-11-27,6889.91,6897.43,6867.89,6878.52
2017-11-28,6893.72,6914.19,6866.21,6912.36
2017-11-29,6907.28,6908.33,6793.95,6824.39
2017-11-30,6852.80,6888.65,6838.48,6873.97
2017-12-01,6844.04,6872.17,6737.16,6847.59
2017-12-04,6897.13,6899.23,6770.69,6775.37
2017-12-05,6759.14,6836.45,6752.32,6762.21
2017-12-06,6742.07,6787.42,6734.13,6776.38
2017-12-07,6785.74,6829.29,6778.20,6812.84
2017-12-08,6859.95,6870.48,6831.61,6840.08
2017-12-11,6847.64,6879.80,6844.88,6875.08
2017-12-12,6872.71,6884.80,6856.30,6862.32
2017-12-13,6880.41,6897.62,6871.87,6875.80
2017-12-14,6887.38,6901.13,6851.63,6856.53
2017-12-15,6871.55,6945.82,6871.45,6936.58
2017-12-18,6980.40,7003.89,6975.54,6994.76
2017-12-19,6991.25,6995.88,6951.49,6963.85
2017-12-20,6991.25,6991.25,6935.42,6960.96
2017-12-21,6972.88,6992.63,6961.21,6965.36
2017-12-22,6958.02,6962.26,6944.45,6959.96
2017-12-26,6928.92,6942.14,6915.56,6936.25
2017-12-27,6941.45,6955.38,6931.34,6939.34
2017-12-28,6953.38,6954.80,6936.75,6950.16
2017-12-29,6952.61,6954.98,6903.39,6903.39
2018-01-02,6937.65,7006.91,6924.08,7006.90
2018-01-03,7017.07,7069.15,7016.70,7065.53
2018-01-04,7089.50,7098.05,7072.38,7077.91
2018-01-05,7105.74,7137.04,7097.08,7136.56
2018-01-08,7135.38,7161.35,7124.09,7157.39
2018-01-09,7174.19,7181.14,7148.30,7163.58
2018-01-10,7129.83,7154.24,7111.52,7153.57
2018-01-11,7168.73,7211.78,7163.23,7211.78
2018-01-12,7208.17,7265.26,7205.18,7261.06
2018-01-16,7307.19,7330.33,7205.93,7223.69
2018-01-17,7257.77,7309.36,7229.32,7298.28
2018-01-18,7293.65,7313.89,7276.11,7296.05
2018-01-19,7312.00,7336.38,7297.28,7336.38
2018-01-22,7338.04,7408.03,7332.81,7408.03
2018-01-23,7424.95,7465.39,7423.18,7460.29
2018-01-24,7474.16,7486.32,7376.75,7415.06
2018-01-25,7457.95,7458.53,7388.58,7411.16
2018-01-26,7448.33,7505.77,7431.22,7505.77
2018-01-29,7484.47,7500.61,7455.55,7466.51
2018-01-30,7388.89,7433.65,7373.99,7402.48
2018-01-31,7443.25,7453.99,7381.12,7411.48
2018-02-01,7377.17,7441.09,7362.28,7385.86
2018-02-02,7347.59,7364.43,7238.18,7240.95
2018-02-05,7165.96,7277.36,6967.53,6967.53
2018-02-06,6837.56,7126.55,6824.82,7115.88
2018-02-07,7086.20,7170.34,7051.53,7051.98
2018-02-08,7067.30,7073.99,6776.77,6777.16
2018-02-09,6863.34,6917.01,6630.67,6874.49
2018-02-12,6936.68,7023.62,6879.69,6981.96
2018-02-13,6942.16,7025.68,6938.16,7013.51
2018-02-14,6979.24,7152.05,6977.07,7143.62
2018-02-15,7200.75,7256.93,7130.39,7256.43
2018-02-16,7236.51,7303.26,7226.38,7239.47
2018-02-20,7209.03,7295.95,7206.00,7234.31
2018-02-21,7258.48,7338.64,7218.11,7218.23
2018-02-22,7252.46,7280.93,7194.84,7210.09
2018-02-23,7261.35,7337.83,7232.50,7337.39
2018-02-26,7373.30,7421.85,7360.25,7421.46
2018-02-27,7416.17,7438.09,7330.35,7330.35
2018-02-28,7371.41,7386.80,7273.01,7273.01
2018-03-01,7274.75,7307.85,7117.66,7180.56
2018-03-02,7099.54,7267.19,7084.83,7257.87
2018-03-05,7222.89,7350.07,7205.31,7330.71
2018-03-06,7366.61,7378.03,7319.68,7372.01
2018-03-07,7311.74,7403.79,7311.74,7396.65
2018-03-08,7422.77,7435.01,7391.50,7427.95
2018-03-09,7475.98,7560.81,7469.03,7560.81
2018-03-12,7581.04,7609.10,7563.44,7588.32
2018-03-13,7627.52,7637.27,7492.98,7511.01
2018-03-14,7539.78,7544.89,7473.90,7496.81
2018-03-15,7509.24,7525.44,7463.19,7481.74
2018-03-16,7504.37,7514.21,7473.68,7481.99
2018-03-19,7419.20,7421.23,7285.27,7344.24
2018-03-20,7353.25,7380.74,7331.24,7364.30
2018-03-21,7347.50,7415.66,7325.35,7345.29
2018-03-22,7257.55,7303.19,7164.38,7166.68
2018-03-23,7170.68,7194.31,6992.67,6992.67
2018-03-26,7125.20,7225.83,7022.34,7220.54
2018-03-27,7255.47,7255.54,6963.68,7008.81
2018-03-28,6978.30,7036.09,6901.07,6949.23
2018-03-29,6984.66,7120.46,6935.78,7063.45
2018-04-02,7016.17,7044.71,6805.96,6870.12
2018-04-03,6924.35,6963.71,6835.23,6941.28
2018-04-04,6811.77,7059.29,6811.77,7042.11
2018-04-05,7099.25,7112.38,7036.62,7076.55
2018-04-06,6999.57,7066.64,6877.76,6915.11
2018-04-09,6971.45,7074.95,6944.96,6950.34
2018-04-10,7060.99,7117.98,7014.88,7094.30
2018-04-11,7055.00,7128.54,7055.00,7069.03
2018-04-12,7112.02,7166.00,7105.09,7140.25
2018-04-13,7179.62,7183.62,7078.14,7106.65
2018-04-16,7153.87,7178.51,7115.85,7156.28
2018-04-17,7215.12,7298.59,7206.55,7281.10
2018-04-18,7292.38,7319.58,7259.90,7295.24
2018-04-19,7258.61,7277.45,7215.17,7238.06
2018-04-20,7220.64,7222.99,7123.49,7146.13
2018-04-23,7173.99,7195.72,7094.43,7128.60
2018-04-24,7160.77,7171.67,6961.52,7007.35
2018-04-25,7009.99,7030.74,6926.97,7003.74
2018-04-26,7080.49,7143.94,7055.66,7118.68
2018-04-27,7195.52,7197.15,7083.95,7119.80
2018-04-30,7133.95,7169.80,7065.41,7066.27
2018-05-01,7053.65,7133.27,7036.18,7130.70
2018-05-02,7138.45,7169.46,7094.72,7100.90
2018-05-03,7065.03,7112.59,6991.14,7088.15
2018-05-04,7065.67,7228.26,7057.89,7209.62
2018-05-07,7241.82,7291.74,7235.76,7265.21
2018-05-08,7255.34,7278.81,7224.70,7266.90
2018-05-09,7281.53,7344.80,7259.05,7339.91
2018-05-10,7355.90,7414.15,7353.63,7404.97
2018-05-11,7393.97,7417.67,7372.26,7402.88
2018-05-14,7429.45,7458.42,7401.89,7411.32
2018-05-15,7361.30,7363.52,7320.97,7351.63
2018-05-16,7356.22,7413.32,7356.16,7398.30
2018-05-17,7379.58,7425.39,7350.46,7382.47
2018-05-18,7364.34,7381.16,7343.97,7354.34
2018-05-21,7406.34,7431.83,7368.21,7394.04
2018-05-22,7420.85,7432.53,7370.33,7378.46
2018-05-23,7335.03,7426.78,7334.62,7425.96
2018-05-24,7421.99,7435.38,7357.50,7424.43
2018-05-25,7422.20,7452.85,7415.58,7433.85
2018-05-29,7398.51,7435.13,7354.29,7396.59
2018-05-30,7428.41,7473.81,7423.67,7462.45
2018-05-31,7455.58,7492.42,7431.41,7442.12
2018-06-01,7487.66,7557.38,7487.23,7554.33
2018-06-04,7570.08,7607.17,7561.20,7606.46
2018-06-05,7621.36,7644.48,7602.38,7637.86
2018-06-06,7652.80,7691.65,7622.31,7689.24
2018-06-07,7697.41,7697.41,7597.66,7635.07
2018-06-08,7607.74,7653.58,7595.14,7645.51
2018-06-11,7647.24,7677.29,7642.87,7659.93
2018-06-12,7673.87,7708.25,7669.53,7703.79
2018-06-13,7713.90,7748.96,7686.65,7695.70
2018-06-14,7723.53,7768.60,7723.53,7761.04
2018-06-15,7725.03,7755.72,7704.34,7746.38
2018-06-18,7692.96,7749.36,7676.83,7747.03
2018-06-19,7658.47,7727.41,7635.73,7725.59
2018-06-20,7764.15,7806.60,7755.48,7781.51
2018-06-21,7800.30,7803.45,7699.20,7712.95
2018-06-22,7739.69,7739.71,7679.12,7692.82
2018-06-25,7631.12,7639.73,7477.73,7532.01
2018-06-26,7553.74,7597.49,7527.00,7561.63
2018-06-27,7586.33,7610.67,7444.17,7445.08
2018-06-28,7438.11,7526.07,7419.56,7503.68
2018-06-29,7544.13,7573.59,7502.95,7510.30
2018-07-02,7451.90,7568.10,7443.10,7567.69
2018-07-03,7593.63,7594.33,7498.50,7502.67
2018-07-05,7550.66,7589.19,7511.43,7586.43
2018-07-06,7595.93,7695.81,7588.65,7688.39
2018-07-09,7731.74,7757.28,7702.06,7756.20
2018-07-10,7770.63,7777.48,7731.98,7759.20
2018-07-11,7698.51,7748.16,7696.58,7716.61
2018-07-12,7752.71,7825.67,7746.76,7823.92
2018-07-13,7827.62,7843.52,7803.34,7825.98
2018-07-16,7831.74,7838.82,7791.98,7805.72
2018-07-17,7751.97,7867.15,7749.61,7855.12
2018-07-18,7859.43,7863.77,7822.83,7854.44
2018-07-19,7829.80,7849.85,7811.15,7825.30
2018-07-20,7843.08,7860.25,7815.86,7820.20
2018-07-23,7806.93,7846.76,7776.55,7841.87
2018-07-24,7914.35,7928.79,7814.33,7840.77
2018-07-25,7839.09,7933.31,7838.76,7932.24
2018-07-26,7848.04,7881.30,7834.08,7852.18
2018-07-27,7889.75,7889.75,7698.96,7737.42
2018-07-30,7735.27,7740.26,7604.24,7630.00
2018-07-31,7654.59,7709.49,7614.84,7671.79
2018-08-01,7701.82,7732.68,7670.71,7707.29
2018-08-02,7659.52,7808.85,7659.52,7802.69
2018-08-03,7819.23,7824.06,7783.30,7812.01
2018-08-06,7809.54,7859.68,7801.88,7859.68
2018-08-07,7878.62,7898.20,7868.65,7883.66
2018-08-08,7880.00,7901.69,7864.46,7888.33
2018-08-09,7886.52,7923.35,7881.06,7891.78
2018-08-10,7834.71,7866.19,7818.37,7839.11
2018-08-13,7848.00,7888.66,7814.27,7819.71
2018-08-14,7847.88,7878.23,7815.50,7870.89
2018-08-15,7810.02,7832.66,7732.69,7774.12
2018-08-16,7826.95,7849.67,7795.74,7806.52
2018-08-17,7786.64,7830.78,7752.68,7816.33
2018-08-20,7834.37,7837.14,7787.90,7821.01
2018-08-21,7840.09,7897.68,7836.79,7859.17
2018-08-22,7844.04,7897.63,7840.84,7889.10
2018-08-23,7886.47,7926.32,7866.53,7878.46
2018-08-24,7907.81,7949.71,7907.10,7945.98
2018-08-27,7989.64,8024.94,7976.60,8017.90
2018-08-28,8039.01,8046.31,8009.59,8030.04
2018-08-29,8044.34,8113.56,8042.10,8109.69
2018-08-30,8094.20,8133.30,8069.57,8088.36
2018-08-31,8079.31,8119.82,8079.31,8109.54
2018-09-04,8087.95,8104.07,8042.14,8091.25
2018-09-05,8073.53,8077.84,7962.35,7995.17
2018-09-06,7998.27,8001.97,7885.49,7922.73
2018-09-07,7878.79,7962.53,7873.93,7902.54
2018-09-10,7939.57,7945.03,7890.39,7924.16
2018-09-11,7894.87,7986.32,7880.92,7972.47
2018-09-12,7958.87,7965.39,7884.05,7954.23
2018-09-13,7999.93,8037.51,7989.85,8013.71
2018-09-14,8026.16,8040.83,7979.78,8010.04
2018-09-17,7992.21,8002.78,7890.07,7895.79
2018-09-18,7903.57,7986.10,7901.01,7956.11
2018-09-19,7962.55,7976.12,7917.73,7950.04
2018-09-20,7993.53,8039.06,7986.41,8028.23
2018-09-21,8041.69,8057.26,7979.67,7986.96
2018-09-24,7939.38,7997.90,7912.47,7993.25
2018-09-25,8001.59,8014.12,7979.29,8007.47
2018-09-26,8011.68,8067.03,7982.76,7990.37
2018-09-27,8021.22,8071.56,8017.91,8041.97
2018-09-28,8024.50,8065.06,8015.87,8046.35
2018-10-01,8091.50,8107.38,8019.77,8037.30
2018-10-02,8024.47,8054.15,7983.99,7999.55
2018-10-03,8034.65,8053.93,8012.03,8025.09
2018-10-04,7993.33,7997.17,7833.16,7879.51
2018-10-05,7874.76,7902.67,7715.97,7788.45
2018-10-08,7747.10,7797.32,7654.84,7735.95
2018-10-09,7728.51,7799.75,7718.95,7738.02
2018-10-10,7694.08,7701.20,7420.56,7422.05
2018-10-11,7388.07,7493.21,7274.04,7329.06
2018-10-12,7507.84,7516.69,7368.33,7496.89
2018-10-15,7473.33,7500.93,7400.07,7430.74
2018-10-16,7501.78,7658.14,7493.44,7645.49
2018-10-17,7669.26,7670.49,7563.09,7642.70
2018-10-18,7616.47,7616.86,7452.46,7485.14
2018-10-19,7530.16,7582.89,7428.30,7449.03
2018-10-22,7486.74,7520.54,7424.74,7468.63
2018-10-23,7328.55,7472.58,7260.13,7437.54
2018-10-24,7423.21,7435.69,7099.00,7108.40
2018-10-25,7197.49,7364.82,7178.54,7318.34
2018-10-26,7125.18,7283.32,7057.00,7167.21
2018-10-29,7272.42,7295.61,6922.83,7050.29
2018-10-30,7017.87,7166.84,7001.48,7161.65
2018-10-31,7276.62,7368.49,7270.63,7305.90
2018-11-01,7327.82,7435.88,7286.50,7434.06
2018-11-02,7424.02,7466.53,7298.68,7356.99
2018-11-05,7344.08,7349.23,7255.88,7328.85
2018-11-06,7326.07,7400.64,7320.89,7375.96
2018-11-07,7446.09,7572.93,7435.87,7570.75
2018-11-08,7544.17,7566.93,7499.71,7530.88
2018-11-09,7468.51,7474.34,7349.48,7406.90
2018-11-12,7364.05,7371.09,7193.77,7200.87
2018-11-13,7230.69,7319.12,7182.86,7200.87
2018-11-14,7265.39,7285.57,7101.17,7136.39
2018-11-15,7112.83,7274.26,7072.36,7259.03
2018-11-16,7193.60,7274.86,7171.70,7247.87
2018-11-19,7217.24,7224.12,7011.40,7028.48
2018-11-20,6867.43,6994.75,6830.76,6908.82
2018-11-21,6985.51,7029.93,6951.62,6972.25
2018-11-23,6919.52,6987.89,6919.16,6938.98
2018-11-26,7026.50,7083.93,7003.12,7081.85
2018-11-27,7041.23,7105.14,7014.36,7082.70
2018-11-28,7135.08,7292.71,7090.98,7291.59
2018-11-29,7267.37,7319.96,7217.69,7273.08
2018-11-30,7279.30,7332.79,7255.68,7330.54
2018-12-03,7486.13,7486.51,7392.22,7441.51
2018-12-04,7407.95,7421.11,7150.11,7158.43
2018-12-06,7017.05,7189.52,6984.34,7188.26
2018-12-07,7163.49,7205.37,6945.27,6969.25
2018-12-10,6959.63,7047.62,6878.99,7020.52
2018-12-11,7121.66,7129.83,6983.01,7031.83
2018-12-12,7127.00,7197.29,7096.56,7098.31
2018-12-13,7135.28,7154.64,7034.82,7070.33
2018-12-14,6986.37,7027.17,6898.99,6910.66
2018-12-17,6886.46,6931.81,6710.01,6753.73
2018-12-18,6809.82,6847.27,6733.71,6783.91
2018-12-19,6777.59,6868.86,6586.50,6636.83
2018-12-20,6607.76,6666.20,6447.91,6528.41
2018-12-21,6573.49,6586.68,6304.63,6332.99
2018-12-24,6278.49,6355.18,6190.17,6192.92
2018-12-26,6257.86,6555.53,6214.34,6554.36
2018-12-27,6457.19,6583.01,6336.97,6579.49
2018-12-28,6616.79,6684.18,6529.22,6584.52
2018-12-31,6649.52,6659.96,6570.06,6635.28
2019-01-02,6506.91,6693.71,6506.88,6665.94
2019-01-03,6584.77,6600.21,6457.13,6463.50
2019-01-04,6567.14,6760.69,6554.24,6738.86
2019-01-07,6757.53,6855.60,6741.40,6823.47
2019-01-08,6893.44,6909.58,6795.86,6897.00
2019-01-09,6923.06,6985.22,6899.56,6957.08
2019-01-10,6908.65,6991.37,6877.08,6986.07
2019-01-11,6947.46,6975.65,6933.60,6971.48
2019-01-14,6908.03,6936.22,6887.48,6905.92
2019-01-15,6931.39,7025.85,6928.12,7023.83
2019-01-16,7033.75,7079.63,7028.12,7034.69
2019-01-17,7010.13,7113.95,7003.62,7084.46
2019-01-18,7134.10,7185.38,7096.62,7157.23
2019-01-22,7109.57,7110.16,6979.81,7020.36
2019-01-23,7061.65,7084.85,6953.23,7025.77
2019-01-24,7042.25,7078.96,7029.95,7073.46
2019-01-25,7128.18,7174.56,7111.09,7164.86
2019-01-28,7075.01,7086.30,7034.25,7085.68
2019-01-29,7087.49,7092.29,7011.47,7028.29
2019-01-30,7094.79,7201.31,7065.57,7183.08
2019-01-31,7208.17,7303.12,7205.95,7281.74
2019-02-01,7256.37,7299.94,7243.41,7263.87
2019-02-04,7266.28,7348.23,7261.07,7347.54
2019-02-05,7356.34,7408.68,7355.36,7402.08
2019-02-06,7400.44,7410.77,7346.72,7375.28
2019-02-07,7316.50,7336.74,7235.05,7288.35
2019-02-08,7232.30,7299.44,7225.14,7298.20
2019-02-11,7327.37,7343.56,7290.03,7307.90
2019-02-12,7358.85,7419.43,7349.80,7414.62
2019-02-13,7437.46,7461.66,7413.84,7420.38
2019-02-14,7390.25,7454.42,7375.71,7426.95
2019-02-15,7468.57,7477.28,7440.26,7472.41
2019-02-19,7450.75,7507.79,7450.27,7486.77
2019-02-20,7490.31,7513.70,7455.25,7489.07
2019-02-21,7475.41,7485.75,7430.89,7459.71
2019-02-22,7481.63,7527.54,7479.01,7527.54
2019-02-25,7585.30,7602.69,7551.61,7554.46
2019-02-26,7535.29,7573.22,7524.31,7549.30
2019-02-27,7526.42,7562.29,7485.39,7554.51
2019-02-28,7533.31,7561.90,7516.48,7532.53
2019-03-01,7587.45,7603.04,7540.75,7595.35
2019-03-04,7636.62,7643.66,7501.56,7577.57
2019-03-05,7582.29,7598.66,7543.54,7576.36
2019-03-06,7575.38,7579.02,7499.87,7505.92
2019-03-07,7483.79,7489.08,7397.19,7421.46
2019-03-08,7334.35,7411.52,7332.92,7408.14
2019-03-11,7442.56,7558.23,7442.40,7558.06
2019-03-12,7571.85,7611.13,7560.46,7591.03
2019-03-13,7621.38,7677.07,7619.46,7643.41
2019-03-14,7644.79,7653.10,7627.02,7630.91
2019-03-15,7658.41,7714.96,7652.04,7688.53
2019-03-18,7696.38,7737.67,7677.74,7714.48
2019-03-19,7747.40,7767.89,7699.15,7723.95
2019-03-20,7721.95,7779.24,7674.04,7728.97
2019-03-21,7705.43,7850.11,7705.43,7838.96
2019-03-22,7800.25,7817.83,7642.57,7642.67
2019-03-25,7618.98,7662.38,7579.29,7637.54
2019-03-26,7700.00,7738.17,7649.21,7691.52
2019-03-27,7702.05,7712.84,7582.09,7643.38
2019-03-28,7660.07,7689.16,7619.82,7669.17
2019-03-29,7726.71,7733.62,7688.51,7729.32
2019-04-01,7800.24,7831.45,7777.09,7828.91
2019-04-02,7824.61,7854.92,7811.28,7848.69
2019-04-03,7891.18,7938.26,7870.90,7895.55
2019-04-04,7894.26,7917.65,7844.96,7891.78
2019-04-05,7914.51,7940.45,7909.14,7938.69
2019-04-08,7924.89,7955.90,7891.85,7953.88
2019-04-09,7924.77,7945.55,7897.61,7909.28
2019-04-10,7922.73,7965.33,7916.90,7964.24
2019-04-11,7975.20,7975.20,7933.41,7947.36
2019-04-12,7984.15,7992.09,7952.61,7984.16
2019-04-15,7987.16,7993.33,7933.57,7976.01
2019-04-16,8000.57,8017.56,7978.81,8000.23
2019-04-17,8044.97,8052.40,7973.38,7996.08
2019-04-18,7998.45,8002.31,7950.97,7998.06
2019-04-22,7969.37,8017.15,7965.90,8015.27
2019-04-23,8026.75,8128.87,8023.81,8120.82
2019-04-24,8122.88,8139.55,8101.70,8102.01
2019-04-25,8150.85,8151.84,8075.41,8118.68
2019-04-26,8100.28,8146.42,8060.89,8146.40
2019-04-29,8147.65,8176.08,8136.41,8161.85
2019-04-30,8104.91,8124.61,8050.55,8095.39
2019-05-01,8132.93,8146.00,8048.23,8049.64
2019-05-02,8046.48,8094.06,7976.77,8036.77
2019-05-03,8092.88,8164.71,8084.80,8164.00
2019-05-06,7981.85,8135.54,7981.85,8123.29
2019-05-07,8043.52,8070.97,7899.02,7963.76
2019-05-08,7946.24,8004.49,7923.35,7943.32
2019-05-09,7853.21,7929.78,7796.16,7910.59
2019-05-10,7881.31,7949.34,7759.34,7916.94
2019-05-13,7720.07,7760.83,7627.22,7647.02
2019-05-14,7689.66,7776.20,7665.30,7734.49
2019-05-15,7682.80,7838.72,7682.24,7822.15
2019-05-16,7832.58,7946.23,7826.67,7898.05
2019-05-17,7829.03,7918.71,7810.35,7816.28
2019-05-20,7714.06,7747.27,7678.35,7702.38
2019-05-21,7765.57,7804.44,7752.92,7785.72
2019-05-22,7749.80,7786.33,7738.35,7750.84
2019-05-23,7660.72,7665.15,7585.32,7628.28
2019-05-24,7675.57,7694.15,7631.25,7637.01
2019-05-28,7655.66,7693.74,7603.76,7607.35
2019-05-29,7553.02,7581.11,7503.94,7547.31
2019-05-30,7565.46,7595.90,7527.66,7567.72
2019-05-31,7470.95,7506.86,7448.23,7453.15
2019-06-03,7441.21,7457.66,7292.22,7333.02
2019-06-04,7413.94,7529.50,7385.02,7527.12
2019-06-05,7585.68,7589.47,7498.17,7575.48
2019-06-06,7582.24,7634.12,7546.22,7615.55
2019-06-07,7652.97,7767.02,7647.91,7742.10
2019-06-10,7798.87,7895.44,7795.76,7823.17
2019-06-11,7901.04,7909.99,7798.63,7822.57
2019-06-12,7803.13,7819.16,7773.97,7792.72
2019-06-13,7822.56,7848.36,7813.60,7837.13
2019-06-14,7807.19,7819.21,7778.12,7796.66
2019-06-17,7819.43,7865.98,7812.61,7845.02
2019-06-18,7920.98,8005.21,7911.67,7953.88
2019-06-19,7970.26,7998.59,7930.38,7987.32
2019-06-20,8087.45,8088.88,7996.87,8051.34
2019-06-21,8028.69,8073.02,8011.20,8031.71
2019-06-24,8040.58,8047.56,8004.63,8005.70
2019-06-25,8005.27,8007.31,7879.15,7884.72
2019-06-26,7933.92,7974.28,7903.07,7909.97
2019-06-27,7939.36,7976.58,7935.47,7967.76
2019-06-28,7988.76,8010.15,7961.46,8006.24
2019-07-01,8145.85,8150.45,8059.29,8091.16
2019-07-02,8086.65,8109.37,8063.11,8109.09
2019-07-03,8129.57,8170.23,8122.34,8170.23
2019-07-05,8123.28,8171.97,8093.66,8161.79
2019-07-08,8112.91,8161.79,8078.39,8098.38
2019-07-09,8061.41,8146.98,8061.32,8141.73
2019-07-10,8183.19,8228.60,8160.56,8202.53
2019-07-11,8219.28,8226.18,8171.63,8196.04
2019-07-12,8209.20,8245.66,8201.52,8244.14
2019-07-15,8263.18,8264.78,8236.27,8258.19
2019-07-16,8251.66,8259.75,8204.23,8222.80
2019-07-17,8224.00,8230.67,8184.66,8185.21
2019-07-18,8151.76,8215.58,8135.12,8207.24
2019-07-19,8241.34,8245.78,8144.63,8146.49
2019-07-22,8171.99,8218.42,8171.54,8204.14
2019-07-23,8242.50,8251.83,8193.89,8251.40
2019-07-24,8227.36,8321.81,8226.50,8321.50
2019-07-25,8294.68,8295.95,8233.40,8238.54
2019-07-26,8294.30,8339.64,8291.12,8330.21
2019-07-29,8325.10,8325.28,8247.37,8293.33
2019-07-30,8231.77,8295.46,8228.02,8273.61
2019-07-31,8290.80,8299.83,8110.02,8175.42
2019-08-01,8190.56,8311.04,8080.52,8111.12
2019-08-02,8056.42,8068.80,7953.67,8004.07
2019-08-05,7823.33,7836.45,7662.90,7726.04
2019-08-06,7804.51,7845.01,7739.57,7833.27
2019-08-07,7747.27,7881.38,7702.42,7862.83
2019-08-08,7921.59,8041.12,7896.15,8039.16
2019-08-09,7997.19,8020.56,7910.35,7959.14
2019-08-12,7907.49,7924.99,7833.79,7863.41
2019-08-13,7852.37,8065.24,7851.58,8016.36
2019-08-14,7877.33,7900.28,7762.87,7773.94
2019-08-15,7790.20,7805.93,7716.55,7766.62
2019-08-16,7828.35,7907.52,7828.35,7895.99
2019-08-19,8006.18,8026.75,7895.99,8002.81
2019-08-20,7989.36,8010.58,7948.09,7948.56
2019-08-21,8017.07,8036.94,7998.50,8020.21
2019-08-22,8038.79,8048.58,7937.12,7991.39
2019-08-23,7943.65,8005.34,7730.77,7751.77
2019-08-26,7829.58,7856.04,7789.05,7853.74
2019-08-27,7908.78,7916.83,7795.18,7826.95
2019-08-28,7798.35,7866.87,7766.67,7856.88
2019-08-29,7945.78,7992.29,7925.83,7973.39
2019-08-30,8015.16,8017.91,7914.74,7962.88
2019-09-03,7906.44,7940.37,7847.32,7874.16
2019-09-04,7949.81,7981.41,7928.94,7976.88
2019-09-05,8061.29,8134.42,8061.29,8116.83
2019-09-06,8125.58,8134.39,8098.52,8103.07
2019-09-09,8130.91,8131.66,8052.34,8087.44
2019-09-10,8049.98,8086.53,8001.68,8084.16
2019-09-11,8091.68,8169.68,8081.56,8169.68
2019-09-12,8206.58,8243.80,8176.73,8194.47
2019-09-13,8190.57,8210.20,8165.47,8176.71
2019-09-16,8121.64,8165.33,8121.25,8153.54
2019-09-17,8148.65,8188.23,8139.82,8186.02
2019-09-18,8174.62,8179.87,8086.22,8177.39
2019-09-19,8193.59,8237.43,8174.32,8182.88
2019-09-20,8184.88,8202.82,8086.16,8117.67
2019-09-23,8106.49,8135.81,8085.34,8112.46
2019-09-24,8147.23,8158.83,7969.65,7993.63
2019-09-25,7990.66,8095.00,7935.57,8077.38
2019-09-26,8070.12,8072.11,7991.02,8030.66
2019-09-27,8047.11,8051.83,7890.28,7939.63
2019-09-30,7964.09,8012.16,7949.63,7999.34
2019-10-01,8026.83,8062.50,7906.29,7908.68
2019-10-02,7851.13,7852.70,7744.96,7785.25
2019-10-03,7787.02,7872.26,7700.00,7872.26
2019-10-04,7908.44,7986.62,7899.39,7982.47
2019-10-07,7956.41,8013.31,7942.08,7956.29
2019-10-08,7898.27,7921.88,7823.73,7823.78
2019-10-09,7895.96,7930.92,7873.52,7903.74
2019-10-10,7904.56,7982.84,7899.81,7950.78
2019-10-11,8047.34,8115.80,8046.80,8057.04
2019-10-14,8044.35,8069.85,8036.41,8048.65
2019-10-15,8074.85,8166.18,8071.81,8148.71
2019-10-16,8119.81,8146.15,8103.38,8124.18
2019-10-17,8176.91,8183.64,8131.25,8156.85
2019-10-18,8149.85,8157.36,8045.37,8089.54
2019-10-21,8137.42,8164.14,8117.26,8162.99
2019-10-22,8188.12,8194.62,8101.98,8104.30
2019-10-23,8090.24,8122.88,8078.35,8119.79
2019-10-24,8180.04,8187.84,8137.66,8185.80
2019-10-25,8150.59,8249.97,8150.59,8243.12
2019-10-28,8285.77,8335.56,8285.27,8325.99
2019-10-29,8313.35,8319.29,8275.14,8276.85
2019-10-30,8284.28,8315.50,8241.70,8303.98
2019-10-31,8314.38,8321.80,8248.81,8292.36
2019-11-01,8335.05,8386.75,8326.56,8386.40
2019-11-04,8445.50,8451.37,8421.30,8433.20
2019-11-05,8446.62,8457.39,8421.05,8434.68
2019-11-06,8426.57,8426.57,8379.33,8410.63
2019-11-07,8455.11,8483.16,8415.87,8434.52
2019-11-08,8422.67,8475.57,8405.89,8475.31
2019-11-11,8431.26,8467.29,8425.48,8464.28
2019-11-12,8471.07,8514.84,8462.99,8486.09
2019-11-13,8455.02,8496.90,8451.34,8482.10
2019-11-14,8461.06,8485.36,8441.58,8479.02
2019-11-15,8524.48,8540.83,8506.80,8540.83
2019-11-18,8529.16,8559.78,8503.62,8549.94
2019-11-19,8578.02,8589.76,8536.73,8570.66
2019-11-20,8543.57,8578.27,8468.63,8526.73
2019-11-21,8527.87,8530.73,8487.29,8506.21
2019-11-22,8530.54,8535.46,8477.49,8519.88
2019-11-25,8559.65,8633.15,8559.65,8632.49
2019-11-26,8635.40,8659.73,8625.62,8647.93
2019-11-27,8669.59,8705.91,8662.58,8705.18
2019-11-29,8682.01,8697.32,8664.04,8665.47
2019-12-02,8672.84,8672.84,8540.16,8567.99
2019-12-03,8460.72,8523.98,8435.40,8520.64
2019-12-04,8557.45,8584.88,8552.38,8566.67
2019-12-05,8587.93,8588.89,8541.92,8570.70
2019-12-06,8634.25,8665.44,8630.58,8656.53
2019-12-09,8650.86,8678.85,8619.77,8621.83
2019-12-10,8623.56,8650.76,8600.82,8616.18
2019-12-11,8631.12,8658.48,8622.36,8654.05
2019-12-12,8645.36,8745.82,8633.60,8717.32
2019-12-13,8713.91,8768.87,8697.58,8734.88
2019-12-16,8791.31,8833.45,8789.77,8814.23
2019-12-17,8829.47,8831.99,8804.60,8823.36
2019-12-18,8834.65,8848.76,8820.42,8827.74
2019-12-19,8838.97,8888.13,8838.97,8887.22
2019-12-20,8911.84,8931.91,8901.87,8924.96
2019-12-23,8950.20,8956.64,8934.55,8945.65
2019-12-24,8955.01,8957.12,8934.36,8952.88
2019-12-26,8970.21,9022.46,8968.46,9022.39
2019-12-27,9049.47,9052.00,8987.32,9006.62
2019-12-30,9004.45,9006.36,8909.19,8945.99
2019-12-31,8918.74,8975.36,8912.77,8972.60
2020-01-02,9039.46,9093.43,9010.89,9092.19
2020-01-03,8976.43,9065.76,8976.43,9020.77
2020-01-06,8943.50,9072.41,8943.50,9071.47
2020-01-07,9076.64,9091.93,9042.55,9068.58
2020-01-08,9068.03,9168.89,9059.38,9129.24
2020-01-09,9202.27,9215.95,9158.50,9203.43
2020-01-10,9232.95,9235.20,9164.66,9178.86
2020-01-13,9213.72,9274.49,9193.06,9273.93
2020-01-14,9270.61,9298.33,9226.49,9251.33
2020-01-15,9253.76,9298.82,9231.14,9258.70
2020-01-16,9313.45,9357.92,9301.32,9357.13
2020-01-17,9392.37,9393.48,9346.81,9388.94
2020-01-21,9361.07,9397.58,9350.20,9370.81
2020-01-22,9413.61,9439.29,9375.13,9383.77
2020-01-23,9377.72,9409.20,9334.13,9402.48
2020-01-24,9446.21,9451.43,9273.23,9314.91
2020-01-27,9092.46,9185.45,9088.04,9139.31
2020-01-28,9201.82,9288.87,9182.33,9269.68
2020-01-29,9318.26,9329.12,9249.04,9275.16
2020-01-30,9211.15,9303.00,9185.18,9298.93
2020-01-31,9324.33,9324.80,9123.22,9150.94
2020-02-03,9190.72,9299.85,9188.55,9273.40
2020-02-04,9398.39,9485.38,9374.05,9467.97
2020-02-05,9574.10,9574.94,9454.93,9508.68
2020-02-06,9540.98,9575.66,9505.68,9572.15
2020-02-07,9526.64,9570.09,9496.53,9520.51
2020-02-10,9493.63,9628.66,9493.63,9628.39
2020-02-11,9680.89,9714.74,9617.21,9638.94
2020-02-12,9688.60,9728.77,9666.69,9725.96
2020-02-13,9657.04,9748.32,9650.02,9711.97
2020-02-14,9728.90,9746.36,9693.05,9731.18
2020-02-18,9679.04,9747.68,9675.80,9732.74
2020-02-19,9782.81,9838.37,9777.10,9817.18
2020-02-20,9799.20,9820.86,9636.94,9750.97
2020-02-21,9708.01,9715.95,9542.33,9576.59
2020-02-24,9188.44,9322.88,9166.01,9221.28
2020-02-25,9301.20,9315.26,8940.49,8965.61
2020-02-26,9011.55,9148.32,8927.80,8980.78
2020-02-27,8744.03,8904.11,8562.05,8566.48
2020-02-28,8269.74,8591.82,8264.16,8567.37
2020-03-02,8667.14,8952.81,8543.35,8952.17
2020-03-03,8965.10,9070.32,8602.89,8684.09
2020-03-04,8834.10,9019.96,8757.66,9018.09
2020-03-05,8790.09,8921.08,8677.39,8738.59
2020-03-06,8469.02,8612.36,8375.13,8575.62
2020-03-09,7957.93,8243.31,7943.16,7950.68
2020-03-10,8219.76,8347.40,7930.43,8344.25
2020-03-11,8136.25,8181.36,7850.95,7952.05
2020-03-12,7398.58,7712.33,7194.67,7201.80
2020-03-13,7610.39,7875.93,7219.09,7874.88
2020-03-16,7392.73,7422.20,6882.86,6904.59
2020-03-17,7072.00,7406.23,6828.91,7334.78
2020-03-18,6902.32,7182.83,6686.36,6989.84
2020-03-19,6996.45,7341.38,6858.38,7150.58
2020-03-20,7248.07,7354.44,6854.67,6879.52
2020-03-23,6847.28,6984.94,6631.42,6860.67
2020-03-24,7196.15,7418.37,7169.86,7417.86
2020-03-25,7421.36,7671.21,7276.40,7384.30
2020-03-26,7462.21,7809.83,7462.21,7797.54
2020-03-27,7554.25,7716.24,7491.14,7502.38
2020-03-30,7583.46,7784.35,7539.97,7774.15
2020-03-31,7740.06,7880.31,7642.86,7700.10
2020-04-01,7459.50,7566.37,7301.98,7360.58
2020-04-02,7317.45,7501.70,7307.95,7487.31
2020-04-03,7477.27,7518.72,7288.11,7373.08
2020-04-06,7660.17,7938.33,7617.79,7913.24
2020-04-07,8129.99,8146.43,7881.22,7887.26
2020-04-08,7975.72,8114.43,7901.94,8090.90
2020-04-09,8169.01,8227.91,8072.32,8153.58
2020-04-13,8127.69,8200.44,8035.95,8192.42
2020-04-14,8353.21,8531.11,8338.08,8515.74
2020-04-15,8355.96,8464.66,8308.79,8393.18
2020-04-16,8479.11,8560.16,8393.27,8532.36
2020-04-17,8667.48,8670.30,8531.69,8650.14
2020-04-20,8553.38,8684.91,8553.38,8560.73
2020-04-21,8460.69,8480.29,8215.69,8263.23
2020-04-22,8434.55,8537.31,8404.54,8495.38
2020-04-23,8528.84,8635.23,8475.20,8494.75
2020-04-24,8530.08,8642.93,8464.42,8634.52
2020-04-27,8717.98,8754.57,8697.37,8730.16
2020-04-28,8825.69,8830.57,8600.70,8607.73
2020-04-29,8802.70,8957.27,8765.01,8914.71
2020-04-30,8911.02,8926.11,8825.83,8889.55
2020-05-01,8681.29,8754.46,8566.84,8604.95
2020-05-04,8555.32,8715.82,8537.83,8710.71
2020-05-05,8809.66,8909.96,8781.31,8809.12
2020-05-06,8874.70,8933.25,8819.37,8854.39
2020-05-07,8973.78,9015.99,8932.86,8979.66
2020-05-08,9056.89,9125.98,9018.21,9121.32
2020-05-11,9054.91,9241.92,9053.17,9192.34
2020-05-12,9225.15,9250.96,9000.07,9002.55
2020-05-13,9006.05,9074.16,8752.68,8863.17
2020-05-14,8788.04,8945.71,8705.25,8943.72
2020-05-15,8839.99,9018.40,8821.38,9014.56
2020-05-18,9177.15,9267.22,9154.35,9234.83
2020-05-19,9227.46,9317.25,9183.25,9185.10
2020-05-20,9305.62,9392.82,9304.20,9375.78
2020-05-21,9375.19,9405.25,9254.85,9284.88
2020-05-22,9278.55,9328.28,9239.41,9324.59
2020-05-26,9501.21,9501.21,9333.16,9340.22
2020-05-27,9346.12,9414.62,9144.28,9412.36
2020-05-28,9392.99,9523.64,9345.28,9368.99
2020-05-29,9382.35,9505.55,9324.73,9489.87
2020-06-01,9471.42,9571.28,9462.32,9552.05
2020-06-02,9566.53,9611.22,9472.08,9608.38
2020-06-03,9651.86,9707.78,9627.17,9682.91
2020-06-04,9649.65,9716.14,9560.41,9615.81
2020-06-05,9703.54,9845.69,9685.35,9814.08
2020-06-08,9823.44,9927.13,9780.61,9924.75
2020-06-09,9867.19,10002.50,9863.27,9953.75
2020-06-10,10012.32,10086.89,9962.58,10020.35
2020-06-11,9791.24,9868.08,9491.31,9492.73
2020-06-12,9715.87,9768.64,9413.62,9588.81
2020-06-15,9426.90,9756.07,9403.00,9726.02
2020-06-16,9949.78,9963.63,9748.38,9895.87
2020-06-17,9943.31,9991.21,9891.81,9910.53
2020-06-18,9892.48,9959.20,9885.66,9943.05
2020-06-19,10042.13,10053.91,9872.94,9946.12
2020-06-22,9945.49,10059.61,9916.60,10056.48
2020-06-23,10130.83,10221.85,10112.44,10131.37
2020-06-24,10092.92,10137.50,9842.22,9909.17
2020-06-25,9899.36,10023.28,9810.47,10017.00
2020-06-26,9995.12,10000.67,9749.07,9757.22
2020-06-29,9771.72,9877.34,9663.61,9874.15
2020-06-30,9875.29,10085.59,9863.67,10058.77
2020-07-01,10063.67,10197.19,10048.04,10154.63
2020-07-02,10268.67,10310.36,10194.06,10207.63
2020-07-06,10360.38,10462.05,10354.98,10433.65
2020-07-07,10412.46,10518.98,10337.98,10343.89
2020-07-08,10409.35,10494.63,10350.96,10492.50
2020-07-09,10563.72,10578.10,10379.91,10547.75
2020-07-10,10545.91,10622.35,10447.01,10617.44
2020-07-13,10729.92,10824.78,10368.04,10390.84
2020-07-14,10310.25,10497.83,10182.46,10488.58
2020-07-15,10576.72,10604.67,10420.54,10550.49
2020-07-16,10443.87,10499.79,10364.39,10473.83
2020-07-17,10500.52,10532.62,10421.21,10503.19
2020-07-20,10526.02,10783.80,10488.04,10767.09
2020-07-21,10837.88,10839.93,10650.46,10680.36
2020-07-22,10687.58,10745.32,10627.45,10706.13
2020-07-23,10689.50,10728.12,10407.87,10461.42
2020-07-24,10294.41,10418.75,10217.31,10363.18
2020-07-27,10421.70,10546.44,10399.86,10536.27
2020-07-28,10509.20,10523.64,10397.87,10402.09
2020-07-29,10474.70,10567.91,10464.00,10542.94
2020-07-30,10450.12,10609.59,10412.09,10587.81
2020-07-31,10741.47,10747.80,10557.70,10745.27
2020-08-03,10848.64,10927.56,10831.15,10902.80
2020-08-04,10897.89,10941.91,10852.90,10941.17
2020-08-05,10967.87,11002.11,10943.72,10998.40
2020-08-06,10989.98,11121.19,10963.41,11108.07
2020-08-07,11072.53,11126.04,10920.37,11010.98
2020-08-10,11033.73,11040.24,10849.46,10968.36
2020-08-11,10942.66,10989.42,10762.71,10782.82
2020-08-12,10878.12,11036.72,10877.16,11012.24
2020-08-13,11026.86,11124.85,11007.50,11042.50
2020-08-14,11042.24,11058.44,10972.06,11019.30
2020-08-17,11083.25,11144.53,11080.30,11129.73
2020-08-18,11170.75,11230.62,11103.83,11210.84
2020-08-19,11214.80,11257.42,11132.10,11146.46
2020-08-20,11096.40,11283.62,11090.03,11264.95
2020-08-21,11258.44,11326.21,11245.44,11311.80
2020-08-24,11449.25,11462.05,11297.53,11379.72
2020-08-25,11370.23,11468.26,11343.04,11466.47
2020-08-26,11516.62,11672.05,11507.46,11665.06
2020-08-27,11688.19,11730.01,11551.01,11625.34
2020-08-28,11689.28,11708.77,11634.77,11695.63
2020-08-31,11718.81,11829.84,11697.42,11775.46
2020-09-01,11850.96,11945.72,11794.78,11939.67
2020-09-02,12047.26,12074.06,11836.18,12056.44
2020-09-03,11861.90,11894.40,11361.36,11458.10
2020-09-04,11396.24,11531.18,10875.87,11313.13
2020-09-08,10900.70,11131.50,10837.20,10847.69
2020-09-09,11064.76,11217.69,10970.45,11141.56
2020-09-10,11235.53,11299.53,10875.02,10919.59
2020-09-11,11010.07,11033.04,10728.03,10853.55
2020-09-14,11010.14,11118.29,10982.26,11056.65
2020-09-15,11193.96,11244.46,11127.98,11190.32
2020-09-16,11222.08,11245.42,11046.43,11050.47
2020-09-17,10796.05,10974.45,10783.81,10910.28
2020-09-18,10973.45,10977.68,10639.95,10793.28
2020-09-21,10610.14,10782.74,10519.49,10778.80
2020-09-22,10873.30,10979.65,10737.52,10963.64
2020-09-23,10950.82,10962.03,10612.91,10632.99
2020-09-24,10551.02,10799.55,10520.22,10672.27
2020-09-25,10680.46,10939.55,10639.98,10913.56
2020-09-28,11084.38,11120.79,11019.14,11117.53
2020-09-29,11109.00,11153.23,11065.63,11085.25
2020-09-30,11092.90,11277.96,11092.90,11167.51
2020-10-01,11291.99,11344.13,11240.53,11326.51
2020-10-02,11082.53,11244.87,11033.69,11075.02
2020-10-05,11169.11,11335.21,11162.52,11332.49
2020-10-06,11314.53,11392.41,11124.45,11154.60
2020-10-07,11271.68,11380.56,11258.35,11364.60
2020-10-08,11443.35,11448.23,11384.33,11420.98
2020-10-09,11487.60,11581.23,11476.66,11579.94
2020-10-12,11732.33,11965.54,11704.13,11876.26
2020-10-13,11901.76,11946.98,11821.83,11863.90
2020-10-14,11889.07,11939.92,11714.35,11768.73
2020-10-15,11559.88,11740.68,11559.10,11713.87
2020-10-16,11761.83,11827.42,11648.53,11671.56
2020-10-19,11732.34,11778.11,11454.57,11478.88
2020-10-20,11531.83,11632.89,11471.23,11516.49
2020-10-21,11530.39,11613.79,11476.08,11484.69
2020-10-22,11526.97,11548.77,11369.29,11506.01
2020-10-23,11536.01,11548.85,11434.86,11548.28
2020-10-26,11440.64,11545.63,11221.06,11358.94
2020-10-27,11409.34,11465.06,11361.86,11431.35
2020-10-28,11230.90,11249.95,10999.07,11004.87
2020-10-29,11064.47,11287.63,11030.19,11185.59
2020-10-30,11103.47,11129.81,10822.57,10911.59
2020-11-02,11010.45,11071.08,10830.95,10957.61
2020-11-03,11038.66,11213.92,11004.84,11160.57
2020-11-04,11443.77,11663.31,11394.21,11590.78
2020-11-05,11816.33,11924.28,11784.15,11890.93
2020-11-06,11869.90,11920.54,11737.13,11895.23
2020-11-09,12046.66,12108.07,11703.49,11713.78
2020-11-10,11622.44,11665.87,11424.61,11553.86
2020-11-11,11656.65,11793.57,11638.90,11786.43
2020-11-12,11802.50,11847.84,11666.37,11709.59
2020-11-13,11794.94,11849.79,11715.52,11829.29
2020-11-16,11847.11,11937.72,11814.89,11924.13
2020-11-17,11913.35,11950.18,11852.41,11899.34
2020-11-18,11896.06,11942.49,11799.96,11801.60
2020-11-19,11779.04,11912.63,11760.98,11904.71
2020-11-20,11892.70,11935.47,11852.51,11854.97
2020-11-23,11916.76,11949.33,11796.53,11880.63
2020-11-24,11939.33,12049.88,11863.45,12036.79
2020-11-25,12053.89,12114.77,12020.95,12094.40
2020-11-27,12159.18,12236.23,12154.57,12205.85
2020-11-30,12224.25,12244.65,12027.16,12198.74
2020-12-01,12313.36,12405.79,12263.93,12355.11
2020-12-02,12285.75,12360.06,12217.35,12349.37
2020-12-03,12369.26,12439.02,12356.99,12377.18
2020-12-04,12399.32,12464.23,12376.44,12464.23
2020-12-07,12461.00,12536.23,12460.55,12519.95
2020-12-08,12503.17,12594.54,12453.21,12582.77
2020-12-09,12591.69,12607.14,12290.78,12338.95
2020-12-10,12247.55,12431.56,12214.74,12405.81
2020-12-11,12336.79,12383.50,12246.77,12377.87
2020-12-14,12447.44,12543.00,12432.71,12440.04
2020-12-15,12543.26,12596.13,12465.42,12595.06
2020-12-16,12611.04,12687.32,12566.38,12658.19
2020-12-17,12730.78,12765.25,12696.35,12764.75
2020-12-18,12804.93,12809.60,12654.60,12755.64
2020-12-21,12596.14,12751.27,12525.22,12742.52
2020-12-22,12785.22,12840.57,12695.31,12807.92
2020-12-23,12834.94,12841.92,12758.67,12771.11
2020-12-24,12791.54,12833.55,12767.64,12804.73
2020-12-28,12914.64,12930.89,12827.45,12899.42
2020-12-29,12965.39,12973.33,12821.96,12850.22
2020-12-30,12906.51,12924.93,12857.76,12870.00
2020-12-31,12877.09,12902.07,12821.23,12888.28
2021-01-04,12958.52,12958.72,12543.24,12698.45
2021-01-05,12665.65,12828.27,12665.65,12818.96
2021-01-06,12666.15,12909.63,12649.99,12740.79
2021-01-07,12867.34,13090.91,12867.34,13067.48
2021-01-08,13160.22,13208.09,13036.55,13201.98
2021-01-11,13048.78,13138.27,12999.51,13036.43
2021-01-12,13062.06,13105.04,12963.92,13072.43
2021-01-13,13088.01,13171.15,13051.06,13128.95
2021-01-14,13174.75,13220.16,13098.41,13112.64
2021-01-15,13099.90,13139.83,12949.76,12998.50
2021-01-19,13132.73,13206.86,13078.70,13197.18
2021-01-20,13342.55,13486.13,13329.77,13457.25
2021-01-21,13521.48,13560.35,13454.07,13530.91
2021-01-22,13474.81,13567.14,13463.66,13543.06
2021-01-25,13681.21,13728.98,13368.68,13635.99
2021-01-26,13681.72,13702.69,13603.19,13626.06
2021-01-27,13486.58,13538.42,13192.91,13270.60
2021-01-28,13323.29,13507.64,13316.52,13337.16
2021-01-29,13284.72,13322.00,12985.05,13070.69
2021-02-01,13226.18,13431.46,13132.47,13403.39
2021-02-02,13543.10,13652.70,13535.86,13612.78
2021-02-03,13718.31,13723.83,13585.34,13610.54
2021-02-04,13674.06,13778.42,13631.62,13777.74
2021-02-05,13824.88,13878.16,13761.66,13856.30
2021-02-08,13937.06,13987.74,13894.15,13987.64
2021-02-09,13966.82,14044.95,13966.55,14007.70
2021-02-10,14093.35,14109.12,13845.47,13972.53
2021-02-11,14045.21,14058.91,13916.85,14025.77
2021-02-12,13979.21,14102.04,13937.71,14095.47
2021-02-16,14152.21,14175.12,13995.45,14047.50
2021-02-17,13911.65,13976.43,13804.26,13965.49
2021-02-18,13814.67,13905.96,13714.35,13865.36
2021-02-19,13929.20,13985.58,13842.60,13874.46
2021-02-22,13714.20,13757.06,13530.96,13533.05
2021-02-23,13262.61,13526.09,13003.98,13465.20
2021-02-24,13400.25,13607.36,13286.59,13597.97
2021-02-25,13512.64,13602.86,13066.38,13119.43
2021-02-26,13232.90,13368.06,13024.53,13192.35
2021-03-01,13406.16,13596.59,13362.66,13588.83
2021-03-02,13599.45,13601.33,13352.00,13358.79
2021-03-03,13336.25,13372.52,12995.07,12997.75
2021-03-04,12953.99,13068.71,12553.96,12723.47
2021-03-05,12860.04,12941.21,12397.05,12920.15
2021-03-08,12904.26,13001.00,12599.23,12609.16
2021-03-09,12923.07,13151.54,12882.49,13073.82
2021-03-10,13234.73,13277.11,13035.44,13068.83
2021-03-11,13273.31,13433.62,13246.33,13398.67
2021-03-12,13222.81,13324.69,13158.72,13319.86
2021-03-15,13323.47,13460.35,13272.50,13459.71
2021-03-16,13523.17,13620.71,13397.08,13471.57
2021-03-17,13336.91,13595.00,13272.69,13525.20
2021-03-18,13349.20,13384.46,13101.92,13116.17
2021-03-19,13119.90,13252.37,13039.45,13215.24
2021-03-22,13278.78,13455.64,13278.78,13377.54
2021-03-23,13381.43,13405.15,13202.43,13227.70
2021-03-24,13289.24,13292.92,12961.35,12961.89
2021-03-25,12844.58,13021.86,12786.81,12977.68
2021-03-26,12996.03,13149.55,12878.72,13138.73
2021-03-29,13103.97,13143.41,12968.16,13059.65
2021-03-30,13008.80,13075.75,12922.57,13045.39
2021-03-31,13122.57,13325.54,13118.38,13246.87
2021-04-01,13414.32,13487.08,13404.18,13480.11
2021-04-05,13594.90,13720.58,13582.76,13705.59
2021-04-06,13681.67,13776.71,13674.28,13698.38
2021-04-07,13675.30,13733.03,13653.59,13688.84
2021-04-08,13796.89,13830.14,13758.71,13829.31
2021-04-09,13787.02,13905.41,13748.35,13900.19
2021-04-12,13854.44,13877.00,13783.95,13850.00
2021-04-13,13902.45,14011.51,13902.45,13996.10
2021-04-14,14004.08,14033.63,13839.04,13857.84
2021-04-15,13983.23,14049.13,13970.42,14038.76
2021-04-16,14059.11,14062.50,13977.05,14052.34
2021-04-19,13984.58,14041.79,13842.57,13914.77
2021-04-20,13894.46,13927.67,13698.67,13786.27
2021-04-21,13745.77,13951.35,13706.86,13950.22
2021-04-22,13952.57,14015.87,13771.04,13818.41
2021-04-23,13861.37,14062.74,13856.83,14016.81
2021-04-26,14052.38,14154.03,14019.50,14138.78
2021-04-27,14170.91,14171.24,14064.28,14090.22
2021-04-28,14082.78,14133.65,14034.70,14051.03
2021-04-29,14204.51,14211.57,13952.80,14082.55
2021-04-30,13970.73,14084.76,13941.63,13962.68
2021-05-03,14031.77,14042.12,13881.51,13895.12
2021-05-04,13774.51,13795.57,13485.59,13633.50
2021-05-05,13731.13,13753.05,13553.93,13582.42
2021-05-06,13557.83,13635.73,13439.39,13632.84
2021-05-07,13723.09,13828.62,13690.75,13752.24
2021-05-10,13687.59,13687.93,13401.74,13401.86
2021-05-11,13115.85,13423.31,13107.67,13389.43
2021-05-12,13215.49,13288.61,13002.54,13031.68
2021-05-13,13150.94,13247.87,13007.24,13124.99
2021-05-14,13255.65,13460.88,13242.97,13429.98
2021-05-17,13368.80,13399.17,13265.40,13379.05
2021-05-18,13416.90,13485.34,13299.93,13303.64
2021-05-19,13078.19,13304.61,13072.23,13299.74
2021-05-20,13356.63,13563.52,13355.71,13535.74
2021-05-21,13616.19,13616.58,13463.26,13470.99
2021-05-24,13557.21,13708.85,13551.01,13661.17
2021-05-25,13721.54,13751.14,13631.80,13657.17
2021-05-26,13693.94,13750.16,13679.59,13738.00
2021-05-27,13742.59,13776.52,13701.63,13736.28
2021-05-28,13792.05,13820.87,13747.61,13748.74
2021-06-01,13829.06,13836.17,13678.77,13736.48
2021-06-02,13743.24,13775.89,13689.74,13756.33
2021-06-03,13655.75,13684.13,13548.93,13614.51
2021-06-04,13697.25,13826.82,13692.01,13814.49
2021-06-07,13802.82,13889.11,13784.89,13881.72
2021-06-08,13946.32,13981.72,13831.98,13924.91
2021-06-09,13980.23,14003.50,13906.45,13911.75
2021-06-10,13933.88,14031.19,13904.40,14020.33
2021-06-11,14030.85,14069.42,14006.59,14069.42
2021-06-14,14083.47,14175.45,14056.67,14174.14
2021-06-15,14166.64,14171.02,14052.16,14072.86
2021-06-16,14085.55,14129.69,13903.73,14039.68
2021-06-17,13999.13,14196.21,13998.93,14161.35
2021-06-18,14096.93,14129.22,14009.04,14030.38
2021-06-21,14047.42,14150.78,13960.04,14141.48
2021-06-22,14138.29,14269.77,14121.00,14253.27
2021-06-23,14263.38,14317.66,14246.30,14271.73
2021-06-24,14357.27,14414.46,14333.70,14369.71
2021-06-25,14400.81,14409.08,14337.65,14360.39
2021-06-28,14417.81,14505.19,14417.20,14500.51
2021-06-29,14509.19,14535.97,14471.38,14528.33
2021-06-30,14509.85,14526.81,14478.06,14503.95
2021-07-01,14493.69,14533.55,14439.40,14522.38
2021-07-02,14582.98,14649.11,14555.34,14639.33
2021-07-06,14661.55,14687.00,14529.80,14663.64
2021-07-07,14753.41,14755.33,14580.79,14665.06
2021-07-08,14409.20,14610.06,14371.59,14559.78
2021-07-09,14578.43,14710.20,14552.26,14701.92
2021-07-12,14743.86,14761.08,14672.63,14733.24
2021-07-13,14715.13,14803.68,14660.19,14677.65
2021-07-14,14780.90,14790.55,14632.95,14644.95
2021-07-15,14635.78,14650.37,14451.80,14543.13
2021-07-16,14597.51,14623.02,14413.32,14427.24
2021-07-19,14235.98,14313.60,14178.66,14274.98
2021-07-20,14330.46,14555.75,14271.23,14498.88
2021-07-21,14508.75,14633.14,14498.65,14631.95
2021-07-22,14652.72,14694.19,14617.87,14684.60
2021-07-23,14753.06,14846.06,14698.77,14836.99
2021-07-26,14821.03,14863.65,14790.49,14840.71
2021-07-27,14807.95,14811.08,14503.76,14660.58
2021-07-28,14715.66,14798.88,14645.63,14762.58
2021-07-29,14771.17,14833.74,14761.38,14778.26
2021-07-30,14615.85,14728.78,14615.85,14672.68
2021-08-02,14758.60,14770.41,14665.67,14681.07
2021-08-03,14713.99,14762.60,14584.09,14761.29
2021-08-04,14747.21,14812.37,14734.12,14780.53
2021-08-05,14794.08,14896.47,14776.03,14895.12
2021-08-06,14864.22,14890.18,14788.59,14835.76
2021-08-09,14855.76,14883.81,14802.69,14860.18
2021-08-10,14887.75,14894.61,14754.48,14788.09
2021-08-11,14834.38,14842.50,14692.41,14765.14
2021-08-12,14751.36,14824.31,14698.94,14816.26
2021-08-13,14825.07,14850.61,14797.22,14822.90
2021-08-16,14771.53,14794.68,14610.02,14793.76
2021-08-17,14670.56,14716.95,14550.88,14656.18
2021-08-18,14636.24,14697.25,14516.30,14525.91
2021-08-19,14423.16,14610.76,14423.16,14541.79
2021-08-20,14571.53,14722.16,14571.53,14714.66
2021-08-23,14776.98,14963.47,14776.98,14942.65
2021-08-24,14978.14,15034.89,14965.54,15019.80
2021-08-25,15039.03,15059.43,15011.58,15041.86
2021-08-26,15025.17,15059.63,14939.56,14945.81
2021-08-27,14969.77,15144.48,14966.52,15129.50
2021-08-30,15165.94,15288.08,15165.12,15265.89
2021-08-31,15262.88,15278.96,15202.67,15259.24
2021-09-01,15308.98,15379.50,15302.11,15309.38
2021-09-02,15358.47,15380.07,15285.35,15331.18
2021-09-03,15313.41,15375.56,15283.67,15363.52
2021-09-07,15375.98,15403.44,15343.28,15374.33
2021-09-08,15360.35,15360.35,15206.61,15286.64
2021-09-09,15296.06,15352.38,15245.17,15248.25
2021-09-10,15332.92,15349.47,15111.31,15115.49
2021-09-13,15211.43,15215.44,15030.85,15105.58
2021-09-14,15168.45,15181.19,15008.30,15037.76
2021-09-15,15071.34,15174.38,14984.68,15161.53
2021-09-16,15120.09,15205.50,15047.14,15181.92
2021-09-17,15163.36,15166.56,14998.73,15043.97
2021-09-20,14758.14,14841.82,14530.07,14713.90
2021-09-21,14803.36,14847.03,14696.47,14746.40
2021-09-22,14800.59,14950.12,14767.01,14896.85
2021-09-23,14960.00,15085.44,14932.51,15052.24
2021-09-24,14961.61,15067.56,14946.57,15047.70
2021-09-27,14954.18,15003.16,14864.96,14969.97
2021-09-28,14787.21,14817.74,14539.88,14546.68
2021-09-29,14614.88,14676.62,14493.67,14512.44
2021-09-30,14582.60,14632.36,14444.30,14448.58
2021-10-01,14494.93,14606.82,14324.01,14566.70
2021-10-04,14493.12,14499.74,14181.69,14255.48
2021-10-05,14312.86,14508.65,14299.78,14433.83
2021-10-06,14289.45,14509.55,14259.07,14501.91
2021-10-07,14631.80,14755.72,14615.14,14654.02
2021-10-08,14694.72,14699.91,14569.68,14579.54
2021-10-11,14540.08,14665.99,14482.62,14486.20
2021-10-12,14539.09,14552.71,14441.60,14465.92
2021-10-13,14537.17,14589.28,14471.88,14571.64
2021-10-14,14717.50,14827.56,14699.52,14823.43
2021-10-15,14891.24,14904.98,14847.96,14897.34
2021-10-18,14839.74,15026.68,14833.28,15021.81
2021-10-19,15073.13,15137.85,15049.73,15129.09
2021-10-20,15160.00,15178.39,15071.15,15121.68
2021-10-21,15104.80,15222.25,15094.14,15215.70
2021-10-22,15158.07,15193.01,15021.02,15090.20
2021-10-25,15142.92,15259.63,15070.75,15226.71
2021-10-26,15317.50,15384.00,15198.23,15235.71
2021-10-27,15276.00,15364.54,15235.84,15235.84
2021-10-28,15304.74,15452.30,15290.31,15448.12
2021-10-29,15323.29,15504.12,15323.29,15498.39
2021-11-01,15541.26,15598.95,15470.82,15595.92
2021-11-02,15583.98,15656.60,15569.27,15649.60
2021-11-03,15658.52,15821.57,15616.44,15811.58
2021-11-04,15849.74,15966.09,15827.66,15940.31
2021-11-05,16003.56,16053.39,15900.78,15971.59
2021-11-08,15995.72,16038.23,15961.81,15982.36
2021-11-09,16024.13,16035.21,15836.68,15886.54
2021-11-10,15753.84,15867.24,15543.68,15622.71
2021-11-11,15752.08,15768.03,15695.77,15704.28
2021-11-12,15752.62,15874.57,15705.38,15860.96
2021-11-15,15894.82,15918.45,15778.31,15853.85
2021-11-16,15840.32,15989.61,15825.00,15973.86
2021-11-17,15973.62,15998.57,15909.39,15921.57
2021-11-18,15973.39,16010.88,15848.83,15993.71
2021-11-19,16042.16,16121.12,16017.23,16057.44
2021-11-22,16120.92,16212.23,15851.04,15854.76
2021-11-23,15809.50,15895.86,15601.46,15775.14
2021-11-24,15677.88,15848.56,15591.36,15845.23
2021-11-26,15664.38,15731.54,15456.09,15491.66
2021-11-29,15719.42,15833.11,15644.61,15782.83
2021-11-30,15716.50,15828.20,15451.39,15537.69
2021-12-01,15752.27,15816.82,15243.93,15254.05
2021-12-02,15181.82,15444.54,15150.12,15381.32
2021-12-03,15428.71,15470.36,14931.06,15085.47
2021-12-06,15117.63,15281.99,14931.61,15225.15
2021-12-07,15510.91,15720.09,15507.66,15686.92
2021-12-08,15690.65,15792.64,15618.88,15786.99
2021-12-09,15720.54,15796.05,15511.12,15517.37
2021-12-10,15629.59,15677.60,15477.85,15630.60
2021-12-13,15621.27,15637.06,15408.25,15413.28
2021-12-14,15215.96,15317.55,15097.35,15237.64
2021-12-15,15230.71,15575.76,15055.23,15565.58
2021-12-16,15629.08,15633.19,15119.49,15180.43
2021-12-17,15036.77,15288.78,14960.37,15169.68
2021-12-20,14933.00,15007.30,14860.04,14980.94
2021-12-21,15140.43,15349.06,15015.03,15341.09
2021-12-22,15319.16,15525.97,15303.06,15521.89
2021-12-23,15544.79,15697.98,15528.91,15653.37
2021-12-27,15696.83,15871.40,15696.83,15871.26
2021-12-28,15895.20,15901.47,15757.07,15781.72
2021-12-29,15794.92,15821.81,15679.85,15766.22
2021-12-30,15758.98,15868.09,15729.16,15741.56
2021-12-31,15722.91,15777.43,15643.94,15644.97
2022-01-03,15732.50,15832.80,15644.09,15832.80
2022-01-04,15852.14,15852.14,15512.41,15622.72
2022-01-05,15547.16,15586.30,15095.18,15100.17
2022-01-06,15024.15,15198.45,14914.87,15080.86
2022-01-07,15095.72,15171.02,14877.63,14935.90
2022-01-10,14751.78,14953.85,14530.23,14942.83
2022-01-11,14919.26,15158.71,14837.63,15153.45
2022-01-12,15263.10,15319.03,15117.29,15188.39
2022-01-13,15245.04,15259.71,14782.24,14806.81
2022-01-14,14708.02,14897.68,14689.43,14893.75
2022-01-18,14681.83,14740.54,14482.94,14506.90
2022-01-19,14582.22,14658.89,14331.65,14340.26
2022-01-20,14462.85,14642.03,14140.78,14154.02
2022-01-21,14046.22,14171.72,13764.24,13768.92
2022-01-24,13481.50,13876.61,13094.65,13855.13
2022-01-25,13610.87,13781.62,13414.14,13539.29
2022-01-26,13871.77,14002.65,13392.19,13542.12
2022-01-27,13710.99,13765.91,13322.66,13352.78
2022-01-28,13436.71,13771.91,13236.56,13770.57
2022-01-31,13812.19,14242.90,13767.71,14239.88
2022-02-01,14277.43,14358.69,14070.77,14346.00
2022-02-02,14494.47,14504.82,14264.65,14417.55
2022-02-03,14045.83,14207.89,13851.74,13878.82
2022-02-04,13958.48,14222.76,13850.39,14098.01
2022-02-07,14118.79,14236.31,13974.10,14015.67
2022-02-08,13984.43,14226.48,13934.78,14194.45
2022-02-09,14368.16,14490.72,14330.87,14490.37
2022-02-10,14228.68,14509.56,14118.20,14185.64
2022-02-11,14213.62,14246.70,13733.16,13791.15
2022-02-14,13768.97,13921.71,13664.76,13790.92
2022-02-15,13997.18,14142.49,13976.29,14139.76
2022-02-16,14038.92,14163.73,13931.99,14124.09
2022-02-17,14004.19,14020.82,13704.70,13716.72
2022-02-18,13735.40,13762.40,13465.56,13548.07
2022-02-22,13424.36,13618.72,13249.65,13381.52
2022-02-23,13511.75,13533.78,13032.17,13037.49
2022-02-24,12587.88,13486.11,12587.88,13473.59
2022-02-25,13485.26,13696.86,13358.29,13694.62
2022-02-28,13570.83,13810.64,13549.90,13751.40
2022-03-01,13716.70,13777.04,13441.32,13532.46
2022-03-02,13597.53,13796.55,13493.91,13752.02
2022-03-03,13837.59,13837.59,13472.64,13537.94
2022-03-04,13455.23,13486.71,13224.98,13313.44
2022-03-07,13328.36,13353.28,12828.02,12830.96
2022-03-08,12800.04,13159.44,12670.08,12795.55
2022-03-09,13113.70,13301.16,13039.79,13255.55
2022-03-10,13098.35,13163.50,12946.28,13129.96
2022-03-11,13229.77,13239.35,12830.37,12843.81
2022-03-14,12795.12,12918.01,12555.35,12581.22
2022-03-15,12685.23,12973.88,12616.59,12948.62
2022-03-16,13119.37,13440.12,12992.20,13436.55
2022-03-17,13360.72,13620.80,13317.14,13614.78
2022-03-18,13564.63,13899.28,13528.06,13893.84
2022-03-21,13860.39,13945.81,13682.55,13838.46
2022-03-22,13866.43,14141.07,13857.29,14108.82
2022-03-23,13990.35,14152.14,13921.65,13922.60
2022-03-24,14001.32,14193.55,13897.20,14191.84
2022-03-25,14194.72,14218.76,14010.79,14169.30
2022-03-28,14177.21,14356.00,14101.34,14354.90
2022-03-29,14500.39,14646.90,14419.40,14619.64
2022-03-30,14558.59,14609.25,14383.45,14442.27
2022-03-31,14444.78,14456.74,14217.72,14220.52
2022-04-01,14269.53,14306.94,14131.81,14261.50
2022-04-04,14304.35,14534.38,14286.45,14532.55
2022-04-05,14490.26,14500.29,14169.12,14204.17
2022-04-06,14002.58,14032.84,13788.90,13888.82
2022-04-07,13861.49,13978.25,13689.23,13897.30
2022-04-08,13830.47,13866.06,13693.69,13711.00
2022-04-11,13547.29,13585.08,13401.39,13411.96
2022-04-12,13584.69,13685.95,13317.74,13371.57
2022-04-13,13373.12,13679.43,13353.66,13643.59
2022-04-14,13647.43,13662.93,13345.22,13351.08
2022-04-18,13319.39,13414.27,13222.03,13332.36
2022-04-19,13312.44,13643.97,13281.22,13619.66
2022-04-20,13665.38,13678.55,13426.13,13453.07
2022-04-21,13623.70,13710.70,13140.83,13174.65
2022-04-22,13168.80,13212.60,12828.02,12839.29
2022-04-25,12749.17,13011.45,12722.59,13004.85
2022-04-26,12918.04,12918.04,12490.74,12490.74
2022-04-27,12500.88,12703.79,12430.90,12488.93
2022-04-28,12712.86,12948.52,12487.86,12871.53
2022-04-29,12710.42,12861.83,12315.74,12334.64
2022-05-02,12331.69,12542.54,12202.41,12536.02
2022-05-03,12511.46,12645.83,12460.99,12563.76
2022-05-04,12574.73,12985.01,12367.02,12964.86
2022-05-05,12787.52,12787.52,12183.56,12317.69
2022-05-06,12246.83,12358.42,11990.15,12144.66
2022-05-09,11923.03,11990.61,11574.94,11623.25
2022-05-10,11900.34,11944.94,11566.28,11737.67
2022-05-11,11645.57,11844.51,11339.18,11364.24
2022-05-12,11199.25,11547.33,11108.76,11370.96
2022-05-13,11555.97,11856.71,11510.26,11805.00
2022-05-16,11727.14,11804.59,11627.53,11662.79
2022-05-17,11905.57,11988.43,11754.28,11984.52
2022-05-18,11790.68,11826.22,11381.69,11418.15
2022-05-19,11364.40,11562.82,11313.31,11388.50
2022-05-20,11542.67,11552.21,11035.69,11354.62
2022-05-23,11396.28,11552.07,11304.56,11535.27
2022-05-24,11326.44,11351.61,11092.48,11264.45
2022-05-25,11225.03,11511.90,11211.85,11434.74
2022-05-26,11409.84,11796.97,11406.16,11740.65
2022-05-27,11869.69,12131.66,11856.82,12131.13
2022-05-31,12137.54,12190.08,11942.50,12081.39
2022-06-01,12176.89,12237.94,11901.43,11994.46
2022-06-02,11945.57,12320.12,11901.45,12316.90
2022-06-03,12097.12,12167.44,11966.62,12012.73
2022-06-06,12200.33,12245.40,12004.20,12061.37
2022-06-07,11925.81,12194.86,11888.61,12175.23
2022-06-08,12147.28,12235.78,12052.70,12086.27
2022-06-09,12016.47,12115.06,11751.98,11754.23
2022-06-10,11543.88,11569.15,11328.27,11340.02
2022-06-13,10986.85,11071.48,10775.14,10809.23
2022-06-14,10897.43,10926.81,10733.04,10828.35
2022-06-15,10968.40,11244.26,10866.39,11099.15
2022-06-16,10806.02,10831.07,10565.14,10646.10
2022-06-17,10697.55,10884.71,10638.72,10798.35
2022-06-21,10974.05,11164.99,10974.05,11069.30
2022-06-22,10941.95,11216.77,10938.06,11053.08
2022-06-23,11137.68,11260.27,11046.28,11232.19
2022-06-24,11351.31,11613.23,11337.78,11607.62
2022-06-27,11661.02,11677.49,11487.07,11524.55
2022-06-28,11542.24,11635.85,11177.68,11181.54
2022-06-29,11160.22,11226.33,11072.19,11177.89
2022-06-30,11048.25,11160.92,10850.01,11028.74
2022-07-01,11006.83,11132.55,10922.71,11127.85
2022-07-05,10964.18,11323.89,10911.45,11322.24
2022-07-06,11337.90,11443.15,11250.32,11361.85
2022-07-07,11422.60,11644.47,11412.88,11621.35
2022-07-08,11503.61,11689.70,11479.77,11635.31
2022-07-11,11524.49,11541.10,11348.06,11372.60
2022-07-12,11420.89,11483.17,11207.08,11264.73
2022-07-13,11056.55,11325.67,11031.27,11247.58
2022-07-14,11151.21,11279.97,11005.93,11251.19
2022-07-15,11379.36,11454.69,11295.33,11452.42
2022-07-18,11561.64,11629.03,11322.84,11360.05
2022-07-19,11515.00,11721.22,11448.97,11713.15
2022-07-20,11726.09,11939.96,11703.36,11897.65
2022-07-21,11914.15,12060.59,11812.72,12059.61
2022-07-22,12025.37,12093.02,11767.19,11834.11
2022-07-25,11837.96,11855.11,11707.53,11782.67
2022-07-26,11701.53,11711.31,11533.37,11562.57
2022-07-27,11756.19,12081.73,11718.38,12032.42
2022-07-28,12036.48,12179.09,11886.67,12162.59
2022-07-29,12239.69,12426.26,12181.13,12390.69
2022-08-01,12317.96,12499.72,12271.98,12368.98
2022-08-02,12287.67,12503.34,12260.48,12348.76
2022-08-03,12433.87,12699.64,12425.21,12668.16
2022-08-04,12675.04,12736.19,12600.78,12720.58
2022-08-05,12538.80,12720.44,12525.77,12657.55
2022-08-08,12703.72,12855.15,12597.75,12644.46
2022-08-09,12557.49,12582.91,12438.86,12493.93
2022-08-10,12793.44,12861.44,12698.61,12854.80
2022-08-11,12944.82,13026.24,12760.09,12779.91
2022-08-12,12866.31,13047.19,12821.22,13047.19
2022-08-15,12996.63,13146.06,12993.78,13128.05
2022-08-16,13082.64,13181.09,12979.24,13102.55
2022-08-17,12968.63,13053.51,12863.01,12938.12
2022-08-18,12937.79,13002.66,12873.49,12965.34
2022-08-19,12832.27,12859.01,12674.87,12705.22
2022-08-22,12523.16,12538.55,12353.73,12381.57
2022-08-23,12380.37,12490.85,12352.03,12381.30
2022-08-24,12375.15,12504.33,12350.16,12431.53
2022-08-25,12506.37,12641.26,12471.98,12639.27
2022-08-26,12630.58,12655.84,12141.52,12141.71
2022-08-29,12021.05,12124.87,11981.42,12017.67
2022-08-30,12093.06,12101.85,11790.02,11883.14
2022-08-31,11972.56,12027.43,11814.17,11816.20
2022-09-01,11707.44,11798.37,11546.52,11785.13
2022-09-02,11899.14,11945.91,11573.51,11630.86
2022-09-06,11643.03,11679.43,11471.50,11544.91
2022-09-07,11559.38,11819.07,11555.08,11791.90
2022-09-08,11679.86,11896.73,11660.53,11862.13
2022-09-09,11958.61,12132.67,11958.61,12112.31
2022-09-12,12174.94,12270.19,12169.28,12266.41
2022-09-13,11908.81,11957.97,11604.43,11633.57
2022-09-14,11680.41,11746.83,11602.76,11719.68
2022-09-15,11633.24,11760.73,11497.11,11552.36
2022-09-16,11401.21,11460.43,11316.92,11448.40
2022-09-19,11338.57,11538.13,11337.83,11535.02
2022-09-20,11440.14,11520.99,11343.72,11425.05
2022-09-21,11466.21,11613.57,11218.99,11220.19
2022-09-22,11167.38,11203.77,11024.64,11066.81
2022-09-23,10952.69,10958.29,10732.72,10867.93
2022-09-26,10833.38,11024.00,10789.05,10802.92
2022-09-27,10955.29,11040.98,10741.02,10829.50
2022-09-28,10817.52,11101.50,10776.34,11051.64
2022-09-29,10894.44,10899.47,10623.22,10737.51
2022-09-30,10697.71,10883.04,10572.33,10575.62
2022-10-03,10659.01,10875.46,10577.89,10815.43
2022-10-04,11054.72,11189.96,11044.04,11176.41
2022-10-05,11022.67,11210.32,10910.76,11148.64
2022-10-06,11129.04,11230.44,11051.27,11073.31
2022-10-07,10877.28,10891.93,10608.52,10652.40
2022-10-10,10659.95,10669.93,10449.04,10542.10
2022-10-11,10484.37,10608.84,10351.98,10426.19
2022-10-12,10437.00,10494.53,10372.21,10417.10
2022-10-13,10131.82,10697.71,10088.83,10649.15
2022-10-14,10742.81,10766.69,10308.81,10321.39
2022-10-17,10575.65,10696.59,10569.69,10675.80
2022-10-18,10963.99,10972.97,10670.12,10772.40
2022-10-19,10689.31,10808.04,10592.88,10680.51
2022-10-20,10657.41,10837.30,10574.55,10614.84
2022-10-21,10576.04,10875.72,10542.43,10859.72
2022-10-24,10867.07,10983.52,10713.33,10952.61
2022-10-25,10996.97,11210.38,10996.97,11199.12
2022-10-26,10969.02,11205.84,10948.38,10970.99
2022-10-27,10971.95,10998.73,10780.50,10792.67
2022-10-28,10766.20,11117.04,10766.20,11102.45
2022-10-31,11028.43,11047.94,10914.01,10988.15
2022-11-01,11154.74,11156.35,10881.19,10890.85
2022-11-02,10885.01,10993.24,10522.90,10524.80
2022-11-03,10399.45,10486.01,10319.54,10342.94
2022-11-04,10548.14,10553.63,10262.93,10475.25
2022-11-07,10516.94,10587.96,10428.91,10564.52
2022-11-08,10611.53,10745.64,10472.73,10616.20
2022-11-09,10528.45,10564.97,10344.01,10353.17
2022-11-10,10869.17,11119.12,10779.95,11114.15
2022-11-11,11124.75,11352.43,11069.83,11323.33
2022-11-14,11233.90,11350.12,11167.17,11196.22
2022-11-15,11474.82,11492.62,11241.15,11358.41
2022-11-16,11260.10,11286.10,11162.92,11183.66
2022-11-17,11008.67,11198.84,11006.21,11144.96
2022-11-18,11257.01,11259.44,11059.16,11146.06
2022-11-21,11091.01,11128.78,10999.75,11024.51
2022-11-22,11058.56,11179.87,10975.66,11174.41
2022-11-23,11174.61,11310.82,11174.61,11285.32
2022-11-25,11231.00,11261.57,11206.38,11226.36
2022-11-28,11147.57,11217.75,11020.69,11049.50
2022-11-29,11060.02,11086.02,10944.37,10983.78
2022-11-30,10995.20,11468.47,10966.53,11468.00
2022-12-01,11475.17,11546.77,11378.75,11482.45
2022-12-02,11308.38,11492.32,11296.72,11461.50
2022-12-05,11380.99,11425.51,11193.02,11239.94
2022-12-06,11228.42,11241.42,10956.20,11014.89
2022-12-07,10963.95,11039.81,10910.62,10958.55
2022-12-08,11011.33,11119.16,10939.47,11082.00
2022-12-09,11038.17,11138.70,10999.26,11004.62
2022-12-12,11015.48,11144.67,10984.82,11143.74
2022-12-13,11542.84,11571.64,11160.54,11256.81
2022-12-14,11248.09,11352.09,11065.24,11170.89
2022-12-15,11012.62,11029.57,10775.61,10810.53
2022-12-16,10767.63,10833.24,10642.10,10705.41
2022-12-19,10707.44,10713.97,10497.55,10546.03
2022-12-20,10490.89,10609.46,10446.82,10547.11
2022-12-21,10592.00,10753.57,10569.20,10709.37
2022-12-22,10586.46,10599.34,10313.32,10476.12
2022-12-23,10437.75,10514.76,10361.82,10497.86
2022-12-27,10462.19,10472.32,10340.73,10353.23
2022-12-28,10339.20,10414.82,10207.47,10213.29
2022-12-29,10321.46,10502.08,10301.06,10478.09
2022-12-30,10368.37,10468.31,10324.70,10466.48
2023-01-03,10562.06,10613.06,10309.16,10386.98
2023-01-04,10467.82,10515.22,10337.64,10458.76
2023-01-05,10390.31,10393.22,10295.25,10305.24
2023-01-06,10363.96,10604.14,10265.04,10569.29
2023-01-09,10662.10,10807.26,10619.12,10635.65
2023-01-10,10607.72,10743.67,10589.59,10742.63
2023-01-11,10794.99,10932.44,10762.73,10931.67
2023-01-12,10969.26,11027.75,10797.12,11001.10
2023-01-13,10906.37,11084.01,10900.16,11079.16
2023-01-17,11070.00,11145.44,11024.72,11095.11
2023-01-18,11170.95,11223.41,10952.05,10957.01
2023-01-19,10890.40,10932.52,10804.57,10852.27
2023-01-20,10924.66,11143.17,10885.65,11140.43
2023-01-23,11171.94,11405.50,11144.03,11364.41
2023-01-24,11302.93,11378.15,11282.65,11334.27
2023-01-25,11146.53,11334.22,11069.18,11313.36
2023-01-26,11458.40,11516.05,11341.19,11512.41
2023-01-27,11470.47,11691.89,11470.27,11621.71
2023-01-30,11512.34,11553.31,11388.54,11393.81
2023-01-31,11398.58,11586.01,11398.37,11584.55
2023-02-01,11573.14,11904.02,11500.33,11816.32
2023-02-02,12065.15,12269.55,12024.14,12200.82
2023-02-03,11946.86,12231.31,11946.86,12006.95
2023-02-06,11904.41,11973.41,11843.49,11887.45
2023-02-07,11891.25,12150.22,11836.78,12113.79
2023-02-08,12069.12,12096.39,11890.09,11910.52
2023-02-09,12069.10,12070.96,11745.11,11789.58
2023-02-10,11714.60,11775.80,11630.54,11718.12
2023-02-13,11759.09,11910.92,11719.73,11891.79
2023-02-14,11808.20,11999.85,11760.56,11960.15
2023-02-15,11905.12,12071.29,11876.82,12070.59
2023-02-16,11896.31,12040.34,11853.36,11855.83
2023-02-17,11777.50,11803.22,11673.21,11787.27
2023-02-21,11640.37,11684.14,11491.18,11492.30
2023-02-22,11517.20,11582.52,11445.17,11507.07
2023-02-23,11636.93,11638.98,11432.58,11590.40
2023-02-24,11404.18,11434.36,11334.47,11394.94
2023-02-27,11517.19,11565.23,11444.60,11466.98
2023-02-28,11451.05,11548.23,11435.39,11455.54
2023-03-01,11447.58,11479.00,11349.87,11379.48
2023-03-02,11273.77,11487.59,11273.61,11462.98
2023-03-03,11524.65,11699.63,11514.74,11689.01
2023-03-06,11736.87,11827.92,11667.48,11675.74
2023-03-07,11670.98,11705.96,11512.03,11530.33
2023-03-08,11553.09,11601.23,11487.75,11576.00
2023-03-09,11578.31,11667.12,11319.98,11338.35
2023-03-10,11325.36,11373.81,11093.86,11138.89
2023-03-13,11041.46,11326.73,10982.80,11188.84
2023-03-14,11357.73,11467.02,11284.93,11428.15
2023-03-15,11291.17,11447.90,11238.44,11434.05
2023-03-16,11384.87,11733.80,11365.49,11717.28
2023-03-17,11696.34,11773.11,11562.63,11630.51
2023-03-20,11614.39,11695.55,11550.69,11675.54
2023-03-21,11764.79,11879.16,11724.91,11860.11
2023-03-22,11857.50,12013.99,11666.85,11669.96
2023-03-23,11811.32,11962.69,11684.52,11787.40
2023-03-24,11747.62,11826.23,11670.67,11823.96
2023-03-27,11868.54,11903.21,11739.05,11768.84
2023-03-28,11752.76,11752.76,11635.03,11716.08
2023-03-29,11855.59,11941.60,11823.35,11926.24
2023-03-30,12010.45,12044.79,11953.37,12013.47
2023-03-31,12031.54,12227.93,12030.44,12221.91
2023-04-03,12146.09,12196.34,12086.52,12189.45
2023-04-04,12208.49,12224.68,12081.81,12126.33
2023-04-05,12081.76,12086.75,11931.85,11996.86
2023-04-06,11939.08,12098.50,11898.36,12087.96
2023-04-10,11975.13,12084.95,11924.20,12084.36
2023-04-11,12080.24,12091.27,12011.40,12031.88
2023-04-12,12110.87,12134.50,11916.54,11929.34
2023-04-13,11997.42,12178.80,11995.94,12166.27
2023-04-14,12117.91,12205.72,12026.55,12123.47
2023-04-17,12108.23,12159.02,12064.10,12157.72
2023-04-18,12234.56,12245.43,12110.23,12153.41
2023-04-19,12063.68,12191.10,12060.17,12157.23
2023-04-20,12039.08,12155.96,12011.95,12059.56
2023-04-21,12046.03,12097.15,11986.82,12072.46
2023-04-24,12053.47,12103.58,11960.30,12037.20
2023-04-25,11968.81,11990.46,11798.77,11799.16
2023-04-26,11913.23,11967.99,11833.07,11854.35
2023-04-27,11972.15,12154.01,11950.92,12142.24
2023-04-28,12117.54,12227.72,12082.57,12226.58
2023-05-01,12210.05,12261.32,12181.08,12212.60
2023-05-02,12198.02,12206.58,12015.23,12080.51
2023-05-03,12097.04,12212.55,12022.46,12025.33
2023-05-04,11997.34,12033.15,11925.37,11966.40
2023-05-05,12073.03,12264.83,12065.72,12235.41
2023-05-08,12231.68,12264.99,12178.26,12256.92
2023-05-09,12195.78,12216.13,12174.06,12179.55
2023-05-10,12286.66,12337.69,12180.86,12306.44
2023-05-11,12321.26,12347.38,12255.44,12328.51
2023-05-12,12350.52,12364.65,12209.58,12284.74
2023-05-15,12301.17,12376.40,12263.35,12365.21
2023-05-16,12327.05,12403.81,12324.52,12343.05
2023-05-17,12388.58,12514.07,12335.02,12500.57
2023-05-18,12513.87,12698.50,12512.26,12688.84
2023-05-19,12709.46,12731.73,12624.06,12657.90
2023-05-22,12664.44,12756.23,12655.26,12720.78
2023-05-23,12652.88,12709.74,12554.43,12560.25
2023-05-24,12481.89,12529.63,12415.85,12484.16
2023-05-25,12706.44,12736.92,12604.89,12698.09
2023-05-26,12736.42,13001.91,12729.74,12975.69
2023-05-30,13109.10,13154.29,12968.12,13017.43
2023-05-31,12968.38,13029.08,12889.37,12935.29
2023-06-01,12944.46,13141.83,12903.63,13100.98
2023-06-02,13190.48,13256.21,13125.86,13240.77
2023-06-05,13238.48,13330.65,13194.95,13229.43
2023-06-06,13199.59,13306.21,13165.65,13276.42
2023-06-07,13295.26,13361.90,13089.48,13104.90
2023-06-08,13113.27,13248.60,13101.18,13238.52
2023-06-09,13312.39,13385.95,13229.33,13259.14
2023-06-12,13326.37,13465.91,13302.58,13461.92
2023-06-13,13566.53,13594.40,13473.19,13573.32
2023-06-14,13570.56,13661.74,13455.99,13626.48
2023-06-15,13572.88,13828.17,13561.37,13782.82
2023-06-16,13859.07,13864.06,13680.95,13689.57
2023-06-20,13642.29,13711.18,13561.84,13667.29
2023-06-21,13620.87,13638.57,13460.94,13502.20
2023-06-22,13443.41,13631.85,13441.56,13630.61
2023-06-23,13484.10,13572.19,13442.65,13492.52
2023-06-26,13468.74,13573.57,13334.42,13335.78
2023-06-27,13389.25,13578.80,13366.97,13555.67
2023-06-28,13506.02,13654.14,13495.73,13591.75
2023-06-29,13592.36,13618.53,13540.26,13591.33
2023-06-30,13719.98,13816.68,13716.16,13787.92
2023-07-03,13798.70,13839.09,13773.41,13816.77
2023-07-05,13772.10,13844.50,13764.25,13791.65
2023-07-06,13653.17,13689.52,13567.25,13679.04
2023-07-07,13668.07,13804.51,13656.73,13660.72
2023-07-10,13645.37,13692.41,13584.87,13685.48
2023-07-11,13709.81,13774.83,13643.32,13760.70
2023-07-12,13915.64,13963.45,13842.13,13918.96
2023-07-13,14021.15,14163.80,14012.24,14138.57
2023-07-14,14166.66,14232.11,14081.96,14113.70
2023-07-17,14149.92,14274.41,14138.01,14244.95
2023-07-18,14212.25,14396.69,14176.11,14353.64
2023-07-19,14398.53,14446.55,14317.09,14358.02
2023-07-20,14273.29,14309.92,14030.62,14063.31
2023-07-21,14148.18,14179.01,14020.45,14032.81
2023-07-24,14081.63,14110.15,13997.13,14058.87
2023-07-25,14093.24,14201.91,14092.52,14144.56
2023-07-26,14123.52,14187.35,14041.95,14127.28
2023-07-27,14319.16,14360.20,14006.93,14050.11
2023-07-28,14199.83,14344.35,14188.10,14316.66
2023-07-31,14337.90,14370.91,14292.75,14346.02
2023-08-01,14274.93,14309.21,14215.64,14283.91
2023-08-02,14132.73,14133.85,13914.81,13973.45
2023-08-03,13899.76,14032.28,13881.35,13959.72
2023-08-04,14025.96,14119.22,13897.93,13909.24
2023-08-07,13972.45,13997.15,13864.92,13994.40
2023-08-08,13875.45,13899.74,13769.34,13884.32
2023-08-09,13897.61,13898.54,13698.39,13722.02
2023-08-10,13818.25,13947.16,13686.51,13737.99
2023-08-11,13633.65,13720.33,13609.98,13644.85
2023-08-14,13599.00,13789.16,13582.49,13788.33
2023-08-15,13760.48,13774.98,13611.94,13631.05
2023-08-16,13593.17,13644.32,13473.03,13474.63
2023-08-17,13527.30,13535.09,13303.45,13316.93
2023-08-18,13190.02,13335.87,13161.76,13290.78
2023-08-21,13347.26,13516.86,13325.59,13497.59
2023-08-22,13593.95,13598.77,13484.38,13505.87
2023-08-23,13532.43,13757.00,13532.43,13721.03
2023-08-24,13834.31,13834.69,13462.84,13463.97
2023-08-25,13514.37,13633.42,13376.35,13590.65
2023-08-28,13695.36,13735.98,13626.64,13705.13
2023-08-29,13687.23,13959.81,13677.06,13943.76
2023-08-30,13961.77,14050.82,13924.20,14019.31
2023-08-31,14041.54,14114.67,14010.48,14034.97
2023-09-01,14129.96,14149.62,13982.42,14031.81
2023-09-05,13994.54,14060.85,13945.65,14020.95
2023-09-06,13988.81,14001.95,13802.42,13872.47
2023-09-07,13675.11,13774.63,13642.47,13748.83
2023-09-08,13754.71,13843.37,13733.18,13761.53
2023-09-11,13884.03,13937.47,13805.13,13917.89
2023-09-12,13858.94,13913.60,13763.69,13773.61
2023-09-13,13773.67,13868.57,13733.82,13813.59
2023-09-14,13889.76,13957.57,13810.66,13926.05
2023-09-15,13889.20,13895.75,13684.24,13708.33
2023-09-18,13669.96,13751.28,13663.46,13710.24
2023-09-19,13649.44,13705.15,13578.87,13678.19
2023-09-20,13710.26,13727.81,13467.28,13469.13
2023-09-21,13328.06,13362.23,13222.56,13223.98
2023-09-22,13287.17,13353.22,13200.64,13211.81
2023-09-25,13172.54,13277.83,13132.00,13271.32
2023-09-26,13180.96,13199.13,13033.40,13063.61
2023-09-27,13115.36,13156.37,12963.16,13092.85
2023-09-28,13043.37,13270.97,13025.11,13201.28
2023-09-29,13337.71,13382.98,13177.09,13219.32
2023-10-02,13217.98,13364.03,13204.08,13307.77
2023-10-03,13229.68,13280.04,13008.60,13059.47
2023-10-04,13092.92,13258.76,13072.51,13236.01
2023-10-05,13228.12,13251.18,13087.57,13219.83
2023-10-06,13127.68,13472.27,13099.03,13431.34
2023-10-09,13326.22,13509.30,13277.48,13484.24
2023-10-10,13505.81,13659.63,13491.81,13562.84
2023-10-11,13619.21,13671.11,13549.29,13659.68
2023-10-12,13672.47,13714.14,13491.56,13574.22
2023-10-13,13613.59,13619.54,13361.85,13407.23
2023-10-16,13453.81,13598.05,13447.17,13567.98
2023-10-17,13419.87,13602.25,13364.74,13533.75
2023-10-18,13439.68,13499.74,13275.30,13314.30
2023-10-19,13354.80,13404.73,13157.33,13186.18
2023-10-20,13157.77,13177.35,12977.43,12983.81
2023-10-23,12930.85,13143.22,12848.83,13018.33
2023-10-24,13084.99,13170.39,13022.85,13139.87
2023-10-25,13039.86,13042.52,12804.30,12821.22
2023-10-26,12768.97,12818.14,12543.86,12595.61
2023-10-27,12718.69,12772.43,12600.57,12643.01
2023-10-30,12750.47,12842.96,12691.56,12789.48
2023-10-31,12786.62,12859.40,12697.04,12851.24
2023-11-01,12887.06,13072.42,12875.20,13061.47
2023-11-02,13230.49,13302.18,13177.64,13294.19
2023-11-03,13362.85,13520.28,13344.73,13478.28
2023-11-06,13514.08,13551.62,13435.99,13518.78
2023-11-07,13555.79,13675.46,13516.56,13639.86
2023-11-08,13660.22,13684.87,13573.58,13650.41
2023-11-09,13693.70,13697.82,13506.02,13521.45
2023-11-10,13571.19,13802.53,13556.35,13798.11
2023-11-13,13745.96,13805.11,13687.78,13767.74
2023-11-14,14015.37,14124.06,14003.14,14094.38
2023-11-15,14147.27,14194.36,14060.70,14103.84
2023-11-16,14066.88,14130.45,14033.79,14113.67
2023-11-17,14101.44,14154.32,14063.93,14125.48
2023-11-20,14134.75,14309.80,14134.20,14284.53
2023-11-21,14217.23,14237.50,14146.31,14199.98
2023-11-22,14283.82,14359.61,14226.63,14265.86
2023-11-24,14238.04,14270.28,14214.13,14250.85
2023-11-27,14239.31,14305.71,14205.24,14241.02
2023-11-28,14224.63,14303.66,14195.72,14281.76
2023-11-29,14367.11,14423.22,14247.89,14258.49
2023-11-30,14265.05,14289.20,14127.05,14226.22
2023-12-01,14181.35,14311.95,14135.00,14305.03
2023-12-04,14168.66,14197.52,14058.52,14185.49
2023-12-05,14126.40,14285.66,14121.76,14229.91
2023-12-06,14325.62,14327.63,14138.51,14146.71
2023-12-07,14230.43,14353.11,14220.87,14339.99
2023-12-08,14279.46,14416.92,14264.96,14403.97
2023-12-11,14340.13,14436.08,14324.57,14432.49
2023-12-12,14423.01,14533.40,14385.39,14533.40
2023-12-13,14555.68,14743.55,14517.52,14733.96
2023-12-14,14798.72,14855.62,14642.23,14761.56
2023-12-15,14797.46,14848.40,14753.16,14813.92
2023-12-18,14814.02,14938.04,14811.82,14904.81
2023-12-19,14923.02,15003.80,14921.60,15003.22
2023-12-20,14973.36,15069.29,14776.29,14777.94
2023-12-21,14923.14,14970.81,14837.47,14963.87
2023-12-22,15006.18,15047.19,14927.12,14992.97
2023-12-26,15028.69,15101.18,15024.06,15074.57
2023-12-27,15089.66,15114.08,15051.67,15099.18
2023-12-28,15142.09,15150.07,15087.22,15095.14
2023-12-29,15099.20,15111.41,14955.37,15011.35
2024-01-02,14873.70,14887.80,14682.38,14765.94
2024-01-03,14641.47,14694.58,14577.44,14592.21
2024-01-04,14532.23,14632.77,14504.78,14510.30
2024-01-05,14500.11,14625.19,14477.57,14524.07
2024-01-08,14564.47,14846.90,14560.20,14843.77
2024-01-09,14744.13,14894.32,14716.71,14857.71
2024-01-10,14877.70,14998.20,14842.70,14969.65
2024-01-11,15020.95,15063.61,14800.38,14970.19
2024-01-12,15001.01,15047.25,14931.88,14972.76
2024-01-16,14908.26,15004.35,14863.81,14944.35
2024-01-17,14814.77,14865.76,14706.23,14855.62
2024-01-18,14994.52,15066.81,14911.11,15055.65
2024-01-19,15122.38,15310.97,15087.20,15310.97
2024-01-22,15393.05,15438.85,15333.63,15360.29
2024-01-23,15391.41,15432.35,15337.23,15425.94
2024-01-24,15560.61,15629.07,15468.91,15481.92
2024-01-25,15555.62,15597.25,15430.68,15510.50
2024-01-26,15474.85,15538.84,15433.04,15455.36
2024-01-29,15470.66,15630.58,15449.87,15628.04
2024-01-30,15604.08,15619.23,15484.67,15509.90
2024-01-31,15324.19,15405.56,15158.49,15164.01
2024-02-01,15254.02,15372.13,15208.88,15361.64
2024-02-02,15403.16,15664.21,15366.78,15628.95
2024-02-05,15613.99,15637.88,15471.68,15597.68
2024-02-06,15638.19,15652.75,15515.25,15609.00
2024-02-07,15690.35,15770.68,15645.81,15756.64
2024-02-08,15762.23,15813.27,15739.18,15793.71
2024-02-09,15842.38,16007.29,15831.76,15990.66
2024-02-12,15980.62,16080.07,15917.87,15942.55
2024-02-13,15598.88,15770.42,15551.44,15655.60
2024-02-14,15781.71,15865.51,15683.94,15859.15
2024-02-15,15865.30,15911.22,15779.72,15906.17
2024-02-16,15910.43,15917.41,15752.02,15775.65
2024-02-20,15679.84,15730.47,15508.50,15630.78
2024-02-21,15532.12,15583.68,15451.65,15580.87
2024-02-22,15904.48,16061.82,15869.24,16041.62
2024-02-23,16094.80,16134.22,15954.50,15996.82
2024-02-26,16014.45,16054.90,15973.90,15976.25
2024-02-27,16013.98,16046.10,15940.51,16035.30
2024-02-28,15969.14,16003.56,15924.72,15947.74
2024-02-29,16059.34,16115.96,15931.70,16091.92
2024-03-01,16109.83,16302.24,16096.60,16274.94
2024-03-04,16264.21,16289.06,16199.06,16207.51
2024-03-05,16077.74,16087.57,15862.63,15939.59
2024-03-06,16092.00,16128.56,15956.66,16031.54
2024-03-07,16147.32,16309.02,16096.01,16273.38
2024-03-08,16322.10,16449.70,16059.50,16085.11
2024-03-11,16052.63,16085.95,15978.04,16019.27
2024-03-12,16116.98,16275.45,15992.98,16265.64
2024-03-13,16220.11,16233.30,16143.34,16177.77
2024-03-14,16209.19,16245.32,16039.68,16128.53
2024-03-15,16043.58,16055.33,15925.91,15973.17
2024-03-18,16154.92,16247.59,16094.17,16103.45
2024-03-19,16031.93,16175.59,15951.86,16166.79
2024-03-20,16185.76,16377.44,16127.48,16369.41
2024-03-21,16517.24,16538.86,16393.90,16401.84
2024-03-22,16387.83,16467.62,16361.00,16428.82
2024-03-25,16335.30,16441.17,16315.72,16384.47
2024-03-26,16446.85,16476.38,16312.95,16315.70
2024-03-27,16424.76,16431.82,16279.17,16399.52
2024-03-28,16377.23,16420.92,16347.38,16379.46
2024-04-01,16397.05,16490.65,16327.89,16396.83
2024-04-02,16199.24,16251.41,16137.24,16240.45
2024-04-03,16178.80,16340.74,16169.31,16277.46
2024-04-04,16418.57,16468.04,16046.56,16049.08
2024-04-05,16095.40,16326.50,16080.48,16248.52
2024-04-08,16285.18,16323.60,16220.72,16253.96
2024-04-09,16328.76,16348.18,16141.15,16306.64
2024-04-10,16104.01,16200.10,16092.02,16170.36
2024-04-11,16236.20,16464.60,16154.65,16442.20
2024-04-12,16293.03,16341.46,16125.33,16175.09
2024-04-15,16276.47,16295.27,15863.88,15885.02
2024-04-16,15856.38,15965.79,15822.02,15865.25
2024-04-17,15942.29,15957.03,15654.51,15683.37
2024-04-18,15705.69,15786.12,15587.50,15601.50
2024-04-19,15547.10,15576.70,15222.78,15282.01
2024-04-22,15396.13,15539.00,15265.66,15451.31
2024-04-23,15525.55,15730.35,15510.59,15696.64
2024-04-24,15805.60,15839.00,15634.44,15712.75
2024-04-25,15375.26,15644.51,15343.91,15611.76
2024-04-26,15821.34,15981.00,15770.72,15927.90
2024-04-29,16007.00,16021.49,15885.89,15983.08
2024-04-30,15920.89,15979.36,15655.67,15657.82
2024-05-01,15646.09,15926.22,15557.64,15605.48
2024-05-02,15758.11,15862.79,15604.73,15840.96
2024-05-03,16147.48,16204.71,16068.34,16156.33
2024-05-06,16208.54,16350.08,16197.86,16349.25
2024-05-07,16358.34,16397.39,16303.84,16332.56
2024-05-08,16226.07,16341.65,16226.07,16302.76
2024-05-09,16323.74,16362.79,16241.98,16346.26
2024-05-10,16389.02,16437.39,16293.52,16340.87
2024-05-13,16400.31,16407.05,16334.86,16388.24
2024-05-14,16391.16,16526.27,16386.43,16511.18
2024-05-15,16601.14,16749.74,16544.09,16742.39
2024-05-16,16738.11,16797.83,16693.45,16698.32
2024-05-17,16708.49,16726.41,16613.84,16685.97
2024-05-20,16702.02,16823.83,16695.69,16794.87
2024-05-21,16736.10,16839.02,16719.97,16832.62
2024-05-22,16839.02,16855.27,16712.09,16801.54
2024-05-23,16996.39,16996.39,16678.37,16736.03
2024-05-24,16786.79,16947.80,16771.58,16920.79
2024-05-28,16988.31,17032.66,16917.51,17019.88
2024-05-29,16879.35,16989.60,16873.97,16920.58
2024-05-30,16878.63,16900.46,16690.36,16737.08
2024-05-31,16771.90,16789.27,16445.54,16735.02
2024-06-03,16865.70,16909.89,16646.43,16828.67
2024-06-04,16823.88,16891.87,16750.39,16857.05
2024-06-05,16974.48,17187.92,16955.56,17187.90
2024-06-06,17204.87,17235.73,17123.59,17173.12
2024-06-07,17124.14,17229.31,17090.04,17133.13
2024-06-10,17083.45,17213.45,17057.34,17192.53
2024-06-11,17160.42,17345.05,17107.99,17343.55
2024-06-12,17502.15,17725.39,17490.64,17608.44
2024-06-13,17715.27,17741.80,17566.32,17667.56
2024-06-14,17621.18,17693.43,17590.80,17688.88
2024-06-17,17697.30,17935.99,17636.36,17857.02
2024-06-18,17856.76,17890.52,17796.88,17862.23
2024-06-20,17913.94,17936.79,17650.69,17721.59
2024-06-21,17681.01,17787.34,17620.57,17689.36
2024-06-24,17640.26,17730.12,17494.02,17496.82
2024-06-25,17572.16,17734.34,17546.63,17717.65
2024-06-26,17697.27,17813.55,17687.07,17805.16
2024-06-27,17793.95,17892.78,17765.42,17858.68
2024-06-28,17891.10,18035.00,17723.83,17732.60
2024-07-01,17773.90,17894.28,17657.64,17879.30
2024-07-02,17808.04,18031.29,17802.24,18028.76
2024-07-03,18016.12,18188.30,18016.12,18188.30
2024-07-05,18200.60,18366.31,18197.14,18352.76
2024-07-08,18371.86,18416.94,18342.60,18403.74
2024-07-09,18465.02,18511.89,18381.60,18429.29
2024-07-10,18512.09,18655.19,18467.58,18647.45
2024-07-11,18659.25,18671.07,18238.78,18283.41
2024-07-12,18303.64,18556.73,18293.60,18398.45
2024-07-15,18485.91,18641.53,18397.83,18472.57
2024-07-16,18534.27,18576.83,18386.07,18509.34
2024-07-17,18188.19,18223.24,17972.87,17996.92
2024-07-18,18119.15,18130.87,17759.54,17871.22
2024-07-19,17835.59,17935.14,17691.43,17726.94
2024-07-22,17923.65,18040.99,17839.76,18007.57
2024-07-23,17982.74,18128.38,17968.10,17997.35
2024-07-24,17733.91,17747.06,17313.52,17342.41
2024-07-25,17352.64,17544.46,17033.96,17181.72
2024-07-26,17331.95,17454.57,17239.99,17357.88
2024-07-29,17444.39,17535.32,17299.83,17370.20
2024-07-30,17424.10,17468.56,17015.38,17147.42
2024-07-31,17499.23,17693.98,17438.60,17599.40
2024-08-01,17647.03,17791.58,17051.42,17194.15
2024-08-02,16780.45,16920.63,16582.79,16776.16
2024-08-05,15712.53,16453.46,15708.54,16200.08
2024-08-06,16261.36,16620.31,16137.65,16366.85
2024-08-07,16622.31,16709.81,16179.53,16195.81
2024-08-08,16408.27,16694.25,16262.93,16660.02
2024-08-09,16636.52,16789.22,16574.57,16745.30
2024-08-12,16793.64,16895.79,16699.39,16780.61
2024-08-13,16944.74,17192.79,16943.95,17187.61
2024-08-14,17227.64,17260.73,17032.17,17192.60
2024-08-15,17394.54,17602.72,17375.41,17594.50
2024-08-16,17516.40,17674.65,17502.83,17631.72
2024-08-19,17649.74,17877.44,17585.58,17876.77
2024-08-20,17849.09,17932.53,17758.20,17816.94
2024-08-21,17840.51,17963.07,17790.98,17918.99
2024-08-22,17993.72,18017.69,17589.15,17619.35
2024-08-23,17772.73,17941.27,17700.27,17877.79
2024-08-26,17867.85,17909.09,17645.69,17725.77
2024-08-27,17655.52,17789.72,17573.37,17754.82
2024-08-28,17738.80,17759.94,17439.40,17556.03
2024-08-29,17610.57,17789.21,17482.60,17516.43
2024-08-30,17650.49,17720.38,17498.79,17713.62
2024-09-03,17585.45,17585.45,17057.79,17136.30
2024-09-04,17015.71,17232.65,16984.67,17084.30
2024-09-05,17063.24,17295.58,17035.07,17127.66
2024-09-06,17137.62,17166.54,16668.57,16690.83
2024-09-09,16835.67,16923.28,16732.84,16884.60
2024-09-10,16949.64,17036.07,16801.13,17025.88
2024-09-11,17061.41,17420.23,16787.84,17395.53
2024-09-12,17413.89,17605.72,17338.32,17569.68
2024-09-13,17575.26,17719.14,17564.61,17683.98
2024-09-16,17573.70,17618.40,17480.66,17592.13
2024-09-17,17707.02,17781.74,17544.64,17628.06
2024-09-18,17663.38,17832.70,17556.43,17573.30
2024-09-19,17980.89,18099.93,17909.75,18013.98
2024-09-20,17999.35,18024.34,17835.64,17948.32
2024-09-23,17994.91,18021.58,17936.37,17974.27
2024-09-24,18046.44,18091.96,17863.38,18074.52
2024-09-25,18050.36,18155.04,18040.62,18082.21
2024-09-26,18327.34,18327.34,18071.74,18190.29
2024-09-27,18228.78,18238.28,18069.18,18119.59
2024-09-30,18069.83,18198.16,17997.56,18189.17
2024-10-01,18154.94,18162.72,17779.77,17910.36
2024-10-02,17867.12,17978.58,17767.79,17925.12
2024-10-03,17859.49,18011.25,17826.42,17918.48
2024-10-04,18130.42,18145.28,17952.30,18137.85
2024-10-07,18080.12,18096.33,17900.04,17923.90
2024-10-08,18017.93,18203.04,17989.70,18182.92
2024-10-09,18179.22,18302.05,18133.02,18291.62
2024-10-10,18200.62,18333.39,18154.18,18282.05
2024-10-11,18217.73,18375.53,18208.44,18342.94
2024-10-14,18426.66,18547.92,18423.60,18502.69
2024-10-15,18515.97,18564.25,18252.52,18315.59
2024-10-16,18333.29,18383.11,18214.96,18367.08
2024-10-17,18537.21,18541.46,18368.79,18373.61
2024-10-18,18466.01,18524.33,18452.58,18489.55
2024-10-21,18456.48,18543.58,18377.63,18540.01
2024-10-22,18451.86,18620.71,18413.47,18579.77
2024-10-23,18502.06,18509.19,18146.61,18276.65
2024-10-24,18384.16,18435.37,18305.42,18415.49
2024-10-25,18512.58,18690.01,18487.06,18518.61
2024-10-28,18648.25,18671.01,18563.02,18567.19
2024-10-29,18576.09,18753.19,18509.59,18712.75
2024-10-30,18731.69,18785.50,18598.24,18607.93
2024-10-31,18427.31,18427.31,18083.95,18095.15
2024-11-01,18189.67,18363.94,18181.53,18239.92
2024-11-04,18220.43,18308.30,18112.83,18179.98
2024-11-05,18250.71,18449.68,18250.71,18439.17
2024-11-06,18772.76,19000.50,18730.21,18983.47
2024-11-07,19084.43,19301.70,19084.43,19269.46
2024-11-08,19255.14,19318.56,19224.43,19286.78
2024-11-11,19355.34,19366.07,19193.29,19298.76
2024-11-12,19289.81,19343.05,19168.52,19281.40
2024-11-13,19286.46,19358.48,19191.13,19230.72
2024-11-14,19256.09,19275.80,19073.39,19107.65
2024-11-15,18929.92,18936.75,18598.87,18680.12
2024-11-18,18717.93,18865.28,18672.30,18791.81
2024-11-19,18699.71,18992.08,18689.83,18987.47
2024-11-20,18971.31,18974.91,18724.39,18966.14
2024-11-21,19072.78,19110.89,18714.06,18972.42
2024-11-22,18966.32,19025.77,18899.48,19003.65
2024-11-25,19140.59,19208.68,18969.35,19054.84
2024-11-26,19109.08,19184.40,19100.73,19174.30
2024-11-27,19132.99,19133.11,18937.20,19060.48
2024-11-29,19087.47,19245.49,19066.52,19218.17
2024-12-02,19255.43,19436.92,19255.43,19403.95
2024-12-03,19364.34,19486.15,19340.41,19480.91
2024-12-04,19587.48,19741.76,19575.40,19735.12
2024-12-05,19756.40,19790.03,19688.59,19700.26
2024-12-06,19743.96,19863.15,19734.42,19859.77
2024-12-09,19824.09,19872.79,19698.05,19736.69
2024-12-10,19796.39,19887.08,19641.34,19687.24
2024-12-11,19832.96,20055.93,19830.64,20034.89
2024-12-12,19947.34,20018.24,19897.38,19902.84
2024-12-13,19995.18,20061.65,19817.47,19926.72
2024-12-16,20016.12,20204.58,19988.12,20173.89
2024-12-17,20095.62,20148.83,20004.73,20109.06
2024-12-18,20114.98,20179.77,19336.59,19392.69
2024-12-19,19565.66,19623.02,19357.76,19372.77
2024-12-20,19190.04,19758.61,19168.38,19572.60
2024-12-23,19641.05,19772.10,19504.68,19764.88
2024-12-24,19818.48,20031.13,19813.76,20031.13
2024-12-26,19979.25,20070.08,19888.11,20020.36
2024-12-27,19896.77,19904.77,19553.40,19722.03
2024-12-30,19460.41,19622.93,19342.51,19486.79
2024-12-31,19551.36,19563.72,19283.41,19310.79
2025-01-02,19403.90,19517.87,19117.59,19280.79
2025-01-03,19395.51,19638.66,19379.57,19621.68
2025-01-06,19851.99,20007.95,19785.00,19864.98
2025-01-07,19938.08,19940.21,19421.02,19489.68
2025-01-08,19469.37,19544.51,19308.54,19478.88
2025-01-10,19312.26,19315.11,19018.75,19161.63
2025-01-13,18903.66,19099.97,18831.91,19088.10
2025-01-14,19207.75,19273.14,18926.60,19044.39
2025-01-15,19350.31,19548.90,19299.32,19511.23
2025-01-16,19573.87,19579.85,19335.68,19338.29
2025-01-17,19655.55,19709.64,19543.32,19630.20
2025-01-21,19734.39,19789.63,19551.17,19756.78
2025-01-22,19903.05,20068.52,19903.05,20009.34
2025-01-23,19906.99,20053.68,19892.55,20053.68
2025-01-24,20087.11,20118.61,19897.13,19954.30
2025-01-27,19234.04,19514.35,19204.95,19341.83
2025-01-28,19418.22,19759.43,19294.62,19733.59
2025-01-29,19695.68,19699.82,19479.51,19632.32
2025-01-30,19697.53,19785.79,19483.83,19681.75
2025-01-31,19832.33,19969.17,19575.21,19627.44
2025-02-03,19215.38,19502.13,19141.15,19391.96
2025-02-04,19422.17,19666.44,19408.18,19654.02
2025-02-05,19533.05,19696.94,19498.90,19692.33
2025-02-06,19725.83,19793.36,19654.11,19791.99
2025-02-07,19774.87,19862.54,19489.36,19523.40
2025-02-10,19668.18,19772.04,19650.79,19714.27
2025-02-11,19602.11,19731.93,19579.77,19643.86
2025-02-12,19436.51,19682.51,19415.48,19649.95
2025-02-13,19696.92,19952.17,19675.87,19945.64
2025-02-14,19956.82,20045.76,19932.15,20026.77
2025-02-18,20090.55,20110.12,19909.74,20041.26
2025-02-19,19994.50,20099.39,19928.89,20056.25
2025-02-20,20029.19,20041.15,19795.02,19962.36
2025-02-21,20006.69,20016.66,19510.91,19524.01
2025-02-24,19590.85,19644.23,19275.46,19286.93
2025-02-25,19242.61,19256.35,18871.52,19026.39
2025-02-26,19109.32,19286.02,18966.46,19075.26
2025-02-27,19212.36,19242.69,18535.22,18544.42
2025-02-28,18477.17,18861.33,18372.99,18847.28
2025-03-03,18923.36,18992.30,18216.63,18350.19
2025-03-04,18176.43,18589.49,17956.60,18285.16
2025-03-05,18312.97,18604.47,18144.73,18552.73
2025-03-06,18204.53,18439.24,17980.39,18069.26
2025-03-07,18029.85,18243.58,17768.59,18196.22
2025-03-10,17840.32,17868.08,17291.82,17468.32
2025-03-11,17443.09,17687.40,17238.24,17436.10
2025-03-12,17711.41,17800.10,17436.27,17648.45
2025-03-13,17598.56,17621.91,17239.44,17303.01
2025-03-14,17523.30,17773.48,17491.08,17754.09
2025-03-17,17722.54,17925.94,17645.87,17808.66
2025-03-18,17662.57,17682.92,17431.67,17504.12
2025-03-19,17590.12,17917.54,17533.94,17750.79
2025-03-20,17586.06,17903.20,17576.82,17691.63
2025-03-21,17519.84,17798.06,17474.81,17784.05
2025-03-24,18046.19,18210.05,18030.68,18188.59
2025-03-25,18207.97,18281.13,18170.42,18271.86
2025-03-26,18217.33,18236.55,17837.26,17899.02
2025-03-27,17811.24,17988.02,17743.80,17804.03
2025-03-28,17722.09,17763.28,17283.06,17322.99
2025-03-31,17045.44,17334.98,16854.37,17299.29
2025-04-01,17221.55,17506.59,17149.36,17449.89
2025-04-02,17207.01,17716.52,17181.27,17601.05
2025-04-03,16790.53,16889.34,16533.04,16550.61
2025-04-04,16045.60,16128.16,15575.68,15587.79
2025-04-07,14978.03,16292.28,14784.03,15603.26
2025-04-08,16181.04,16316.51,15053.39,15267.91
2025-04-09,15295.44,17202.94,15270.28,17124.97
2025-04-10,16635.45,16712.37,15894.27,16387.31
2025-04-11,16358.53,16753.41,16228.04,16724.46
2025-04-14,17120.44,17136.56,16661.26,16831.48
2025-04-15,16842.39,16979.96,16753.22,16823.17
2025-04-16,16499.69,16600.37,16066.46,16307.16
2025-04-17,16399.97,16408.51,16181.17,16286.45
2025-04-21,16052.76,16066.79,15685.33,15870.90
2025-04-22,16079.94,16410.56,16038.73,16300.42
2025-04-23,16880.29,17029.86,16642.66,16708.05
2025-04-24,16754.76,17174.35,16744.97,17166.04
2025-04-25,17182.11,17404.49,17110.72,17382.94
2025-04-28,17390.93,17467.35,17128.71,17366.13
2025-04-29,17270.76,17500.42,17256.20,17461.32
2025-04-30,17099.98,17483.82,16959.53,17446.34
2025-05-01,17793.14,17922.83,17688.11,17710.74
2025-05-02,17868.76,18048.83,17812.04,17977.73
2025-05-05,17817.01,17965.64,17792.08,17844.24
2025-05-06,17623.21,17830.35,17592.88,17689.66
2025-05-07,17706.83,17820.29,17503.01,17738.16
2025-05-08,17920.15,18096.00,17776.00,17928.14
2025-05-09,18022.55,18068.90,17853.84,17928.92
2025-05-12,18674.56,18710.22,18472.71,18708.34
2025-05-13,18761.23,19065.96,18745.50,19010.09
2025-05-14,19074.72,19174.55,19023.61,19146.81
2025-05-15,19031.24,19207.22,18967.78,19112.32
2025-05-16,19151.54,19213.42,19038.48,19211.10
2025-05-19,18937.42,19227.22,18937.42,19215.46
2025-05-20,19132.06,19186.69,19015.63,19142.71
2025-05-21,19002.94,19241.41,18799.20,18872.64
2025-05-22,18888.05,19061.11,18840.34,18925.74
2025-05-23,18622.38,18841.52,18599.69,18737.21
2025-05-27,19014.44,19210.95,18961.69,19199.16
2025-05-28,19232.62,19276.83,19084.38,19100.94
2025-05-29,19389.39,19389.39,19091.54,19175.87
2025-05-30,19131.22,19157.78,18847.74,19113.77
2025-06-02,19063.06,19252.71,18985.30,19242.61
2025-06-03,19288.66,19459.28,19224.70,19398.96
2025-06-04,19434.94,19493.45,19359.09,19460.49
2025-06-05,19518.20,19610.51,19226.22,19298.45
2025-06-06,19526.99,19593.18,19464.84,19529.95
2025-06-09,19573.14,19637.56,19531.10,19591.24
2025-06-10,19620.11,19730.38,19539.09,19714.99
2025-06-11,19779.36,19800.46,19551.35,19615.88
2025-06-12,19578.87,19690.61,19553.56,19662.49
2025-06-13,19450.93,19591.87,19367.42,19406.83
2025-06-16,19550.75,19733.31,19550.75,19701.21
2025-06-17,19627.08,19666.56,19485.44,19521.09
2025-06-18,19526.92,19660.77,19489.56,19546.27
2025-06-20,19639.41,19696.11,19380.58,19447.41
2025-06-23,19427.01,19643.70,19334.98,19630.97
2025-06-24,19809.62,19946.72,19795.29,19912.53
2025-06-25,20013.95,20052.78,19918.08,19973.55
2025-06-26,20062.19,20187.15,19982.48,20167.91
2025-06-27,20217.26,20311.51,20095.05,20273.46
2025-06-30,20360.15,20418.31,20266.36,20369.73
2025-07-01,20290.61,20339.05,20105.41,20202.89
2025-07-02,20184.37,20397.22,20181.74,20393.13
2025-07-03,20497.66,20624.51,20480.22,20601.10
2025-07-07,20490.55,20511.82,20323.02,20412.52
2025-07-08,20466.93,20480.89,20377.36,20418.46
2025-07-09,20522.09,20645.41,20486.38,20611.34
2025-07-10,20636.48,20655.39,20495.14,20630.66
2025-07-11,20562.88,20647.97,20509.75,20585.53
2025-07-14,20592.56,20672.34,20492.63,20640.33
2025-07-15,20822.76,20836.04,20670.58,20677.80
2025-07-16,20717.81,20751.05,20507.06,20730.49
2025-07-17,20760.32,20911.83,20735.55,20885.65
2025-07-18,20959.57,20980.56,20846.12,20895.65
2025-07-21,20960.33,21077.37,20957.44,20974.18
2025-07-22,20982.21,20985.34,20750.90,20892.69
2025-07-23,20966.47,21023.85,20870.67,21020.02
2025-07-24,21083.82,21113.10,21001.68,21057.96
2025-07-25,21059.94,21159.80,21036.85,21108.32
2025-07-28,21176.40,21202.18,21122.12,21178.58
2025-07-29,21286.72,21303.96,21081.69,21098.29
2025-07-30,21140.40,21230.88,21016.92,21129.67
2025-07-31,21457.48,21457.48,21078.67,21122.45
2025-08-01,20830.64,20865.63,20560.17,20650.13
2025-08-04,20853.91,21055.24,20833.86,21053.58
2025-08-05,21092.10,21138.72,20893.29,20916.55
2025-08-06,20955.22,21183.88,20937.49,21169.42
2025-08-07,21325.01,21408.15,21090.05,21242.70
2025-08-08,21316.37,21464.53,21284.97,21450.02
2025-08-11,21459.65,21549.73,21346.62,21385.40
2025-08-12,21507.44,21689.68,21386.25,21681.90
2025-08-13,21764.55,21803.75,21645.14,21713.14
2025-08-14,21649.21,21766.29,21627.13,21710.67
2025-08-15,21709.34,21716.18,21567.46,21622.98
2025-08-18,21616.82,21651.50,21559.33,21629.77
2025-08-19,21607.45,21610.24,21277.71,21314.95
2025-08-20,21269.67,21269.67,20905.99,21172.86
2025-08-21,21112.52,21198.76,21013.53,21100.31
2025-08-22,21139.83,21545.43,21092.36,21496.54
2025-08-25,21466.47,21572.18,21400.09,21449.29
2025-08-26,21443.63,21550.93,21389.10,21544.27
2025-08-27,21526.33,21616.17,21476.30,21590.14
2025-08-28,21619.27,21742.46,21534.94,21705.16
2025-08-29,21630.33,21631.15,21397.98,21455.55
2025-09-02,21086.57,21293.69,21033.05,21279.63
2025-09-03,21461.63,21553.98,21370.98,21497.73
2025-09-04,21539.91,21711.96,21469.40,21707.69
2025-09-05,21860.44,21878.81,21534.72,21700.39
2025-09-08,21806.22,21885.62,21776.24,21798.70
2025-09-09,21858.17,21891.42,21731.48,21879.49
2025-09-10,21980.60,22000.97,21810.84,21886.06
2025-09-11,21977.52,22059.71,21908.81,22043.07
2025-09-12,22078.63,22182.34,22031.62,22141.10
2025-09-15,22243.20,22352.25,22233.00,22348.75
2025-09-16,22397.50,22397.50,22308.78,22333.96
2025-09-17,22333.02,22339.54,22058.92,22261.33
2025-09-18,22439.11,22540.93,22358.48,22470.72
2025-09-19,22554.31,22645.11,22497.71,22631.48
2025-09-22,22606.59,22801.90,22590.86,22788.98
2025-09-23,22782.72,22785.13,22539.04,22573.47
2025-09-24,22656.02,22657.45,22397.00,22497.86
2025-09-25,22318.77,22456.78,22185.87,22384.70
2025-09-26,22403.27,22488.18,22285.44,22484.07
2025-09-29,22605.30,22704.90,22536.05,22591.15
2025-09-30,22580.36,22671.39,22493.96,22660.01
2025-10-01,22530.95,22782.58,22516.74,22755.16
2025-10-02,22885.90,22900.60,22729.75,22844.05
2025-10-03,22886.16,22925.43,22695.82,22780.51
2025-10-06,22894.35,22991.72,22827.56,22941.67
2025-10-07,22972.37,23006.07,22718.76,22788.36
2025-10-08,22852.32,23045.14,22845.42,23043.38
2025-10-09,23045.33,23062.62,22899.16,23024.63
2025-10-10,23043.52,23119.91,22193.07,22204.43
2025-10-13,22578.67,22718.75,22499.49,22694.61
2025-10-14,22388.04,22691.07,22213.73,22521.70
2025-10-15,22738.50,22841.69,22427.79,22670.08
2025-10-16,22764.40,22886.87,22404.69,22562.54
2025-10-17,22489.81,22736.01,22396.65,22679.97
2025-10-20,22844.82,23031.87,22841.00,22990.54
2025-10-21,22984.55,23010.35,22894.42,22953.67
2025-10-22,22940.79,22978.40,22514.08,22740.40
2025-10-23,22751.33,22983.46,22732.18,22941.80
2025-10-24,23143.23,23261.26,23127.96,23204.87
2025-10-27,23537.32,23658.66,23493.96,23637.46
2025-10-28,23766.46,23901.36,23675.19,23827.49
2025-10-29,23987.29,24019.99,23763.99,23958.47
2025-10-30,23793.08,23846.13,23578.47,23581.14
2025-10-31,23941.78,23946.23,23628.82,23724.96
2025-11-03,23951.91,23976.84,23764.87,23834.72
2025-11-04,23458.21,23644.15,23333.32,23348.64
2025-11-05,23358.07,23636.53,23286.87,23499.80
2025-11-06,23461.29,23469.55,23011.06,23053.99
2025-11-07,22892.92,23009.91,22563.42,23004.54
2025-11-10,23354.85,23569.62,23290.05,23527.17
2025-11-11,23407.72,23508.44,23315.28,23468.30
2025-11-12,23563.84,23564.09,23278.30,23406.46
2025-11-13,23262.64,23264.27,22796.07,22870.36
2025-11-14,22544.72,23073.18,22436.79,22900.59
2025-11-17,22788.32,23044.55,22559.51,22708.07
2025-11-18,22565.90,22643.01,22231.15,22432.85
2025-11-19,22459.27,22821.24,22385.22,22564.23
2025-11-20,23057.00,23147.33,22043.20,22078.05
2025-11-21,22162.83,22531.84,21898.29,22273.08
2025-11-24,22482.16,22916.40,22478.27,22872.01
2025-11-25,22802.85,23070.09,22587.11,23025.59
2025-11-26,23163.19,23280.58,23074.39,23214.69
2025-11-28,23291.59,23365.79,23250.51,23365.69
2025-12-01,23172.34,23363.85,23110.21,23275.92
2025-12-02,23379.75,23526.23,23286.46,23413.67
2025-12-03,23315.58,23499.93,23271.83,23454.09
2025-12-04,23527.30,23528.53,23372.33,23505.14
2025-12-05,23567.77,23680.03,23506.00,23578.13
2025-12-08,23638.22,23698.93,23455.05,23545.90
2025-12-09,23504.61,23616.46,23449.73,23576.49
2025-12-10,23536.00,23704.08,23435.17,23654.15
2025-12-11,23509.22,23606.70,23308.95,23593.86
2025-12-12,23488.87,23554.89,23094.51,23195.17
2025-12-15,23330.04,23345.56,23012.00,23057.41
2025-12-16,22981.82,23162.60,22920.66,23111.46
2025-12-17,23135.61,23159.20,22692.00,22693.32
2025-12-18,23012.06,23149.61,22906.23,23006.36
2025-12-19,23121.90,23307.91,23106.19,23307.62
2025-12-22,23450.53,23476.50,23362.93,23428.83
2025-12-23,23407.70,23563.46,23377.49,23561.84
2025-12-24,23555.95,23621.72,23527.97,23613.31
2025-12-26,23645.91,23665.15,23567.86,23593.10
2025-12-29,23414.68,23531.02,23397.52,23474.35
2025-12-30,23465.67,23521.05,23414.83,23419.08
2025-12-31,23420.85,23445.26,23237.78,23241.99
2026-01-02,23481.49,23585.96,23119.49,23235.63
2026-01-05,23449.67,23476.51,23332.23,23395.82
2026-01-06,23446.96,23559.15,23389.57,23547.17
2026-01-07,23544.89,23723.37,23504.21,23584.28
2026-01-08,23548.88,23558.17,23353.46,23480.02
2026-01-09,23496.21,23721.15,23426.48,23671.35
2026-01-12,23576.88,23804.04,23562.97,23733.90
2026-01-13,23735.12,23813.30,23607.59,23709.87
2026-01-14,23563.92,23590.20,23306.66,23471.75
2026-01-15,23693.97,23721.11,23502.18,23530.02
2026-01-16,23639.69,23664.26,23446.81,23515.39
2026-01-20,23142.69,23236.05,22916.83,22954.32
2026-01-21,23017.68,23383.24,22927.88,23224.82
2026-01-22,23440.71,23503.16,23335.15,23436.02
2026-01-23,23440.92,23610.74,23374.26,23501.24
2026-01-26,23529.28,23688.94,23486.08,23601.36
2026-01-27,23734.75,23865.26,23694.38,23817.10
2026-01-28,23965.11,23988.27,23775.49,23857.45
2026-01-29,23830.92,23840.55,23232.78,23685.12
2026-01-30,23578.96,23662.25,23351.55,23461.82
2026-02-02,23370.54,23686.83,23356.40,23592.11
2026-02-03,23667.44,23691.60,23027.21,23255.19
2026-02-04,23217.02,23270.07,22684.51,22904.58
2026-02-05,22604.02,22841.28,22461.14,22540.59
2026-02-06,22625.30,23088.46,22586.40,23031.21
2026-02-09,22952.24,23314.67,22878.37,23238.67
2026-02-10,23271.22,23310.73,23089.10,23102.47
2026-02-11,23278.29,23320.62,22902.01,23066.47
2026-02-12,23142.87,23161.60,22548.02,22597.15
2026-02-13,22561.46,22742.06,22402.38,22546.67
2026-02-17,22394.76,22690.83,22256.76,22578.38
2026-02-18,22629.85,22895.96,22597.77,22753.63
2026-02-19,22639.88,22768.83,22583.61,22682.73
2026-02-20,22542.28,22948.87,22539.05,22886.07
2026-02-23,22840.97,22893.22,22547.12,22627.27
2026-02-24,22641.60,22895.48,22528.26,22863.68
2026-02-25,23005.01,23169.68,23004.69,23152.08
2026-02-26,23100.58,23109.46,22670.80,22878.38
2026-02-27,22615.43,22735.78,22538.30,22668.21
2026-03-02,22322.12,22802.80,22306.08,22748.86
2026-03-03,22292.37,22601.59,22124.78,22516.69
2026-03-04,22620.89,22891.88,22570.67,22807.48
2026-03-05,22707.47,22877.02,22500.29,22748.99
2026-03-06,22421.17,22614.41,22328.13,22387.68
2026-03-09,22184.05,22741.03,22061.97,22695.95
2026-03-10,22722.94,22906.72,22608.23,22697.10
2026-03-11,22771.27,22877.71,22602.33,22716.13
2026-03-12,22526.59,22550.75,22290.48,22311.98
2026-03-13,22425.70,22521.38,22069.24,22105.36
2026-03-16,22340.39,22521.59,22316.63,22374.18
2026-03-17,22458.03,22569.64,22409.07,22479.53
2026-03-18,22421.96,22461.76,22144.76,22152.42
2026-03-19,21871.04,22187.06,21851.05,22090.69
2026-03-20,21989.33,21997.09,21522.75,21647.61
2026-03-23,21995.78,22189.34,21865.80,21946.76
2026-03-24,21807.60,21916.16,21712.04,21761.89
2026-03-25,22006.43,22093.18,21865.46,21929.82
2026-03-26,21693.18,21823.58,21395.77,21408.08
2026-03-27,21287.19,21293.50,20909.93,20948.36
2026-03-30,21096.24,21139.72,20690.25,20794.64
2026-03-31,21064.33,21642.62,21063.38,21590.63
2026-04-01,21742.79,21983.07,21723.72,21840.95
2026-04-02,21472.52,21906.48,21371.32,21879.18
2026-04-06,21939.80,22052.41,21864.50,21996.34
2026-04-07,21927.09,22024.90,21611.00,22017.85
2026-04-08,22821.21,22821.21,22501.28,22634.99
2026-04-09,22646.35,22836.75,22529.21,22822.42
2026-04-10,22913.91,23011.77,22845.05,22902.89
2026-04-13,22849.23,23187.96,22795.82,23183.74
2026-04-14,23331.50,23639.08,23331.50,23639.08
2026-04-15,23688.12,24026.56,23672.26,24016.02
2026-04-16,24062.45,24156.18,23894.91,24102.70
2026-04-17,24338.01,24519.51,24286.47,24468.48
2026-04-20,24417.53,24435.92,24221.53,24404.39
2026-04-21,24465.34,24537.58,24198.99,24259.96
2026-04-22,24462.31,24660.11,24421.40,24657.57
2026-04-23,24553.75,24664.87,24209.74,24438.50
2026-04-24,24616.56,24854.04,24524.37,24836.60
2026-04-27,24799.64,24899.37,24694.82,24887.10
2026-04-28,24609.57,24724.70,24524.23,24663.80
2026-04-29,24606.53,24724.11,24532.70,24673.24
2026-04-30,24859.94,24935.60,24491.83,24892.31
2026-05-01,24977.79,25223.12,24967.09,25114.44
2026-05-04,25112.18,25210.47,24913.12,25067.80
2026-05-05,25258.88,25361.05,25217.16,25326.13
2026-05-06,25495.17,25850.19,25464.44,25838.94
2026-05-07,25881.30,26036.38,25713.65,25806.20
2026-05-08,25958.12,26248.62,25944.78,26247.08
2026-05-11,26135.63,26359.31,26129.83,26274.13
2026-05-12,26087.01,26190.48,25739.22,26088.20
2026-05-13,26147.65,26474.18,25990.16,26402.34
2026-05-14,26425.47,26707.14,26423.21,26635.22
2026-05-15,26288.92,26460.76,26097.54,26225.14
2026-05-18,26289.49,26310.84,25867.30,26090.73
2026-05-19,25923.49,26050.29,25701.44,25870.71
2026-05-20,25991.51,26273.76,25928.33,26270.36
2026-05-21,26143.62,26403.57,26039.37,26293.10
2026-05-22,26381.56,26504.55,26309.80,26343.97
2026-05-26,26590.50,26725.29,26520.30,26656.18
2026-05-27,26695.44,26715.31,26538.31,26674.73
2026-05-28,26686.53,26934.84,26588.52,26917.47
2026-05-29,26960.84,27094.80,26859.27,26972.62
2026-06-01,26952.58,27190.21,26913.12,27086.81
2026-06-02,27030.07,27171.29,26932.77,27093.90
2026-06-03,27092.85,27130.88,26769.15,26853.98
2026-06-04,26579.30,26923.70,26554.24,26830.96
2026-06-05,26536.59,26572.25,25648.47,25709.43
2026-06-08,26065.07,26179.65,25872.68,25929.66
2026-06-09,26110.31,26259.92,24980.38,25678.82
2026-06-10,25512.07,25726.00,25145.30,25169.50
2026-06-11,25309.78,25846.56,25109.39,25809.66
2026-06-12,25783.36,26010.31,25599.94,25888.84
2026-06-15,26447.23,26687.56,26438.77,26683.94
2026-06-16,26649.97,26788.62,26369.39,26376.34
2026-06-17,26493.82,26511.55,25960.41,26021.66
2026-06-18,26410.62,26559.74,26188.69,26517.93
2026-06-22,26483.31,26561.12,26125.48,26166.60
2026-06-23,25549.76,25882.57,25513.26,25587.04
2026-06-24,25578.62,25840.56,25354.66,25476.64
2026-06-25,25724.78,25724.78,25123.43,25358.60
2026-06-26,25105.41,25491.38,25014.96,25297.62
2026-06-29,25502.09,25834.35,25289.76,25820.14
2026-06-30,25824.47,26253.04,25808.06,26213.72
2026-07-01,26039.51,26238.06,25954.46,26040.03
2026-07-02,26047.38,26261.09,25630.51,25832.67
2026-07-06,25999.61,26209.76,25963.44,26121.16
2026-07-07,25960.13,26010.02,25684.15,25818.69
2026-07-08,25704.66,25896.07,25526.46,25870.65
2026-07-09,25918.31,26215.82,25825.85,26206.89
2026-07-10,26175.54,26301.54,26009.49,26281.61
2026-07-13,26088.31,26139.37,25822.10,25873.18
2026-07-14,26015.49,26168.80,25912.40,26107.01
2026-07-15,26261.18,26316.81,26041.13,26269.23
2026-07-16,26155.40,26165.37,25765.45,25881.95
2026-07-17,25412.26,25703.01,25250.63,25520.24
2026-07-20,25720.87,25815.60,25501.10,25508.07
2026-07-21,25772.55,25880.34,25672.83,25837.21
2026-07-22,25693.72,25841.31,25681.32,25690.90
2026-07-23,25245.54,25358.28,24954.77,25137.69
2026-07-24,25107.38,25222.14,24918.09,24975.82
2026-07-27,25236.19,25261.91,24774.87,24932.08
2026-07-28,24825.07,24984.50,24581.01,24876.91
2026-07-29,24863.48,25054.53,24425.34,24442.94
2026-07-30,24852.05,25171.44,24813.84,25122.18
2026-07-31,25340.71,25460.86,25004.33,25373.85
2026-08-03,25452.66,25967.44,25420.35,25913.90
2026-08-04,26088.04,26679.91,26088.04,26584.99
2026-08-05,26698.02,26739.00,26348.51,26363.44
2026-08-06,26268.84,26499.42,26208.43,26348.35
2026-08-07,26534.66,26712.62,26478.01,26690.62
2026-08-10,26680.44,26724.63,26548.26,26605.36
2026-08-11,26672.18,26679.26,26372.31,26445.45
2026-08-12,26680.47,26688.24,26531.93,26588.49
2026-08-13,26631.34,26875.52,26612.85,26803.03
2026-08-14,26851.15,26862.17,26661.95,26729.16
2026-08-17,26784.65,26798.40,26626.38,26644.91
2026-08-18,26346.88,26422.50,26266.68,26289.71
